method,n_requested,n_feasible,n_metric,n_returned,n_completed,n_timed,n_timeout,n_guard,n_failure,n_work_limit,recall,hv,reported_count,counter_kind,method_median,method_p90,total_median,total_p90,source_file,recall_ci_lo,recall_ci_hi,hv_ci_lo,hv_ci_hi,method_median_ci_lo,method_median_ci_hi,total_median_ci_lo,total_median_ci_hi
PACS,100,100,100,100,100,100,0,0,0,0,0.7272764491809105,0.9297600707068472,1.0,optimizer_invocations,0.00204042997211215,0.00757215772755441,0.0031621421221643,0.008884607627987803,<paper>/revision_campaign_20260914/default/amazon/default.csv,0.6577343555158301,0.7979662166312611,0.9069779415991609,0.9513185740303338,0.00138929532840845,0.0029198199044913,0.0024525998160243,0.00400007213465865
PTS,100,100,100,100,68,100,0,0,0,32,0.7836954010855144,0.9255562959062367,1.0,optimizer_invocations,0.00583218550309535,0.010083508444949891,0.0070258236955851,0.011286115506663842,<paper>/revision_campaign_20260914/default/amazon/default.csv,0.7130936984170377,0.8522855167846842,0.8903943493717015,0.9562309357639007,0.0031214719638228,0.0075192134827374996,0.0040680295787751,0.008679024875164
PBS-unbounded,100,100,100,100,100,100,0,0,0,0,1.0,1.0,1.0,optimizer_invocations,0.0020525695290416,0.011663581989705503,0.00316926417872305,0.01309780622832472,<paper>/revision_campaign_20260914/default/amazon/default.csv,1.0,1.0,1.0,1.0,0.00136663415469225,0.00298091000877315,0.00244440836831925,0.0042032343335449
Pareto-DP,100,100,100,100,100,100,0,0,0,0,1.0,1.0,1.0,optimizer_invocations,0.0039232173003255506,0.06042741378769277,0.00531869800761335,0.06912554963491865,<paper>/revision_campaign_20260914/default/amazon_dpconv/default.csv,1.0,1.0,1.0,1.0,0.00247430638410145,0.006482942961156301,0.0034448849037289004,0.007974971382645862
eps-ILP g=4,100,100,100,100,100,100,0,0,0,0,0.13633838413850216,0.5822976876779847,17.0,optimizer_invocations,0.12770946463569996,0.26118664979003375,0.12944861128926272,0.2728368888609112,<paper>/revision_campaign_20260914/default/amazon/default.csv,0.11314383472721024,0.16480576900055252,0.5417503209092724,0.620252210377597,0.11507602152414614,0.147249654866755,0.11671178019605571,0.1490451809950173
eps-ILP g=8,100,100,100,100,100,100,0,0,0,0,0.2665306891178739,0.8508418856260366,65.0,optimizer_invocations,0.4977098614908755,1.0314683303702623,0.5109706928487867,1.0326768361032008,<paper>/revision_campaign_20260914/default/amazon/default.csv,0.23480879236790383,0.30204756175825764,0.8309282946366107,0.870250222393399,0.4504073383286595,0.5924157385597936,0.4548340905457735,0.6164566790277597
eps-ILP g=16,100,100,100,100,100,100,0,0,0,0,0.4652220575204723,0.9537530214685396,257.0,optimizer_invocations,2.0151316293049604,4.260426811780781,2.0160602061077952,4.26158377067186,<paper>/revision_campaign_20260914/default/amazon/default.csv,0.42265513913824077,0.5085951325154499,0.9463118008411535,0.9609018059252094,1.8614666648383718,2.39121029060334,1.874252924695611,2.392132685519755
PBF,100,100,100,83,72,100,11,17,0,17,0.7771211072015235,0.8226454875510874,1.0,optimizer_invocations,0.02785507380031045,30.15860618329607,0.0323925020638853,30.159843171853574,<paper>/revision_campaign_20260914/default/amazon/default.csv,0.6935084534871414,0.8550944622352601,0.7468976343280049,0.8924848283862179,0.00860470416955645,0.5411406578496099,0.0094762025400996,0.5423551527783275
WS-28,100,100,100,100,100,100,0,0,0,0,0.1759714040623604,0.6924689174826177,28.0,scalar_invocations,0.00637394748628135,0.014821172272786485,0.007702587172388951,0.016378616960719156,<paper>/revision_campaign_20260914/default/amazon_baselines/baselines.csv,0.14922032211222602,0.20721236140638644,0.657440638706025,0.7268961584392184,0.0052034482359886,0.007925571873784,0.006247736036311807,0.00903829510789357
WS-253,100,100,100,100,100,100,0,0,0,0,0.24627861366201678,0.8292508097147575,253.0,scalar_invocations,0.06579257734119885,0.14236505292356014,0.06968572363257405,0.14909739349968734,<paper>/revision_campaign_20260914/default/amazon_baselines/baselines.csv,0.21387440991822915,0.28291076029348056,0.8075945809354262,0.8510283947012524,0.0509220398962497,0.07899971938459198,0.0544150667265057,0.0834820899181068
Greedy,100,100,100,100,100,100,0,0,0,0,0.04741673436079988,0.23459579362288763,4.0,selection_criteria,0.0002000578679144,0.0005491179414093401,0.0011559273116290001,0.0017693597823381108,<paper>/revision_campaign_20260914/default/amazon_baselines/baselines.csv,0.031052172233061327,0.07124561579913331,0.1958075517652562,0.27690996192428713,0.0001713773235678,0.00024413433275183115,0.0010572019964456,0.0012258361093699
NSGA2-2000,100,100,100,100,100,100,0,0,0,0,0.4546926189847083,0.8840435112931101,1986.63,objective_evaluations,0.17899055802263314,0.35289170886389915,0.18012063251808286,0.3537306557409466,<paper>/revision_campaign_20260914/default/amazon_baselines/baselines.csv,0.3796920636555121,0.5312588491578147,0.8515257762149246,0.9126178916516589,0.1735659684054553,0.19329843273735595,0.17465182258747516,0.19415566410170854
NSGA2-10000,100,100,100,100,100,100,0,0,0,0,0.7267548494084228,0.9675033090865264,9915.1,objective_evaluations,0.7397579874377698,1.514617544412613,0.7407035788055509,1.5154678534716373,<paper>/revision_campaign_20260914/default/amazon_baselines/baselines.csv,0.6611324663032108,0.7871044048617695,0.9529070851292654,0.9791740404556342,0.7178465963806957,0.78414252307266,0.7187200719490647,0.7850263430736959
