dataset,job,mode,clock,method,elapsed_budget_s,n_requested,n_feasible,n_metric,n_completed,n_timeout,n_terminated,n_failed,n_not_run,t_first_median,overshoot_median,recall@0.0033_median,recall@0.0033_mean,hv@0.0033_median,hv@0.0033_mean,t_to_1_median,reached_1,censored_1,t_to_5_median,reached_5,censored_5,t_to_10_median,reached_10,censored_10,t_to_20_median,reached_20,censored_20,t_to_50_median,reached_50,censored_50,recall@0.01_median,recall@0.01_mean,hv@0.01_median,hv@0.01_mean,recall@0.03_median,recall@0.03_mean,hv@0.03_median,hv@0.03_mean,recall@0.1_median,recall@0.1_mean,hv@0.1_median,hv@0.1_mean,recall@0.3_median,recall@0.3_mean,hv@0.3_median,hv@0.3_mean,recall@1.0_median,recall@1.0_mean,hv@1.0_median,hv@1.0_mean
airbnb,hard,hard,method,PACS,0.0033,100,100,100,6,94,0,0,0,0.0028591083828359504,0.02834407704025505,0.0,0.08,0.0,0.08,0.0028591083828359504,0.08,0.92,0.0028591083828359504,0.08,0.92,0.0028591083828359504,0.08,0.92,0.0028467620722949,0.01,0.99,,0.0,1.0,,,,,,,,,,,,,,,,,,,,
airbnb,hard,hard,method,PACS,0.01,100,100,100,31,69,0,0,0,0.0052182751242071,0.02764820238575335,,,,,0.0052182751242071,0.32,0.68,0.0052182751242071,0.32,0.68,0.0052182751242071,0.32,0.68,0.0054928017780184,0.25,0.75,0.005920169176533751,0.16,0.84,0.0,0.29725120453529996,0.0,0.3165215832543187,,,,,,,,,,,,,,,,
airbnb,hard,hard,method,PACS,0.03,100,100,100,68,32,0,0,0,0.0098451841622591,0.0,,,,,0.0098451841622591,0.67,0.33,0.0098451841622591,0.67,0.33,0.00929455924779175,0.64,0.36,0.0098451841622591,0.53,0.47,0.011026331456378099,0.36,0.64,,,,,0.14130494505494506,0.38979637456402405,0.7349373074493815,0.5660519398896805,,,,,,,,,,,,
airbnb,hard,hard,method,PACS,0.1,100,100,100,96,4,0,0,0,0.0192137015983462,0.0,,,,,0.0191688821651041,0.93,0.07,0.0191216622479259,0.91,0.09,0.0191216622479259,0.87,0.13,0.0196425872854888,0.74,0.26,0.0200714729726314,0.51,0.49,,,,,,,,,0.2207001522070015,0.41977201042210605,0.8337182727816521,0.7592282719953954,,,,,,,,
airbnb,hard,hard,method,PACS,0.3,100,100,100,100,0,0,0,0,0.0202926779165864,0.0,,,,,0.019633620744571048,0.96,0.04,0.0192802848760038,0.94,0.06,0.019222583156079,0.89,0.11,0.020110966404899948,0.76,0.24,0.0226207049563527,0.53,0.47,,,,,,,,,,,,,0.22959452343338596,0.42500581077252697,0.8337182727816521,0.7790226763449556,,,,
airbnb,hard,hard,method,PACS,1.0,100,100,100,100,0,0,0,0,0.0202735331840813,0.0,,,,,0.01926529104821375,0.96,0.04,0.0192008835729211,0.94,0.06,0.0191988688893616,0.89,0.11,0.0198006085120141,0.76,0.24,0.0227537690661847,0.53,0.47,,,,,,,,,,,,,,,,,0.22959452343338596,0.42500581077252697,0.8337182727816521,0.7790226763449556
airbnb,hard,hard,method,eps-ILP g=8,0.0033,100,100,100,0,100,0,0,0,,0.028265447337925402,0.0,0.0,0.0,0.0,,0.0,1.0,,0.0,1.0,,0.0,1.0,,0.0,1.0,,0.0,1.0,,,,,,,,,,,,,,,,,,,,
airbnb,hard,hard,method,eps-ILP g=8,0.01,100,100,100,0,100,0,0,0,0.0087836263701319,0.0282862859405577,,,,,0.0087836263701319,0.07,0.93,,0.0,1.0,,0.0,1.0,,0.0,1.0,,0.0,1.0,0.0,0.004801656741459543,0.0,0.007541478897752914,,,,,,,,,,,,,,,,
airbnb,hard,hard,method,eps-ILP g=8,0.03,100,100,100,0,100,0,0,0,0.0178309027105569,0.028475802885368398,,,,,0.0170757407322525,0.35,0.65,,0.0,1.0,,0.0,1.0,,0.0,1.0,,0.0,1.0,,,,,0.0,0.02012110545744166,0.0,0.057197618262751854,,,,,,,,,,,,
airbnb,hard,hard,method,eps-ILP g=8,0.1,100,100,100,0,100,0,0,0,0.030729976017028,0.02841053586453195,,,,,0.03189252410084,0.76,0.24,0.0680649881251156,0.15,0.85,,0.0,1.0,,0.0,1.0,,0.0,1.0,,,,,,,,,0.00473214285714285,0.03810558114889154,0.1335799658063845,0.23424985899081746,,,,,,,,
airbnb,hard,hard,method,eps-ILP g=8,0.3,100,100,100,2,98,0,0,0,0.0435098488815128,0.02791338395327325,,,,,0.04579041688703,0.9,0.1,0.1552141853608191,0.57,0.43,,0.0,1.0,,0.0,1.0,,0.0,1.0,,,,,,,,,,,,,0.01742371705963935,0.059388725231095084,0.4489403593793029,0.4274589821816515,,,,
airbnb,hard,hard,method,eps-ILP g=8,1.0,100,100,100,20,80,0,0,0,0.04732361342757935,0.0276344695594161,,,,,0.04928047116845845,1.0,0.0,0.2075989269651472,0.85,0.15,0.6649278006516397,0.1,0.9,0.8910521045327187,0.02,0.98,,0.0,1.0,,,,,,,,,,,,,,,,,0.02514086094207795,0.08295420643974265,0.5394360188570473,0.5560068412088333
airbnb,hard,hard,method,eps-ILP g=16,0.0033,100,100,100,0,100,0,0,0,,0.02834594899863,0.0,0.0,0.0,0.0,,0.0,1.0,,0.0,1.0,,0.0,1.0,,0.0,1.0,,0.0,1.0,,,,,,,,,,,,,,,,,,,,
airbnb,hard,hard,method,eps-ILP g=16,0.01,100,100,100,0,100,0,0,0,0.0086540402844548,0.02835209389217195,,,,,0.0086540402844548,0.07,0.93,,0.0,1.0,,0.0,1.0,,0.0,1.0,,0.0,1.0,0.0,0.004801656741459543,0.0,0.007541478897752914,,,,,,,,,,,,,,,,
airbnb,hard,hard,method,eps-ILP g=16,0.03,100,100,100,0,100,0,0,0,0.0176358399912714,0.028420852059498403,,,,,0.0173081441316753,0.36,0.64,,0.0,1.0,,0.0,1.0,,0.0,1.0,,0.0,1.0,,,,,0.0,0.017959455513183023,0.0,0.04956123734482491,,,,,,,,,,,,
airbnb,hard,hard,method,eps-ILP g=16,0.1,100,100,100,0,100,0,0,0,0.032402064418420154,0.0284412015229463,,,,,0.0329388328827917,0.77,0.23,0.0717734820209443,0.1,0.9,,0.0,1.0,,0.0,1.0,,0.0,1.0,,,,,,,,,0.0041929271708682995,0.03737056973367443,0.10508944917597729,0.2193517615120448,,,,,,,,
airbnb,hard,hard,method,eps-ILP g=16,0.3,100,100,100,0,100,0,0,0,0.043404497206211,0.02807886949740345,,,,,0.04456620221026235,0.9,0.1,0.1693249919917434,0.6,0.4,0.2696997299790382,0.13,0.87,,0.0,1.0,,0.0,1.0,,,,,,,,,,,,,0.018656197887715352,0.05697848987447953,0.4566509296696488,0.414916839296139,,,,
airbnb,hard,hard,method,eps-ILP g=16,1.0,100,100,100,1,99,0,0,0,0.045937446411699,0.0281865668948739,,,,,0.049301455495879,1.0,0.0,0.2159258350729942,0.87,0.13,0.39531128830276424,0.44,0.56,,0.0,1.0,,0.0,1.0,,,,,,,,,,,,,,,,,0.03655975563192055,0.07827777928528065,0.5193513939985615,0.5270581359991416
airbnb,hard,hard,method,PBS-unbounded,0.0033,100,100,100,7,93,0,0,0,0.0028581314254552,0.02827386253587895,0.0,0.08,0.0,0.08,0.0028581314254552,0.08,0.92,0.0028581314254552,0.08,0.92,0.0028581314254552,0.08,0.92,0.0028151259757578,0.01,0.99,,0.0,1.0,,,,,,,,,,,,,,,,,,,,
airbnb,hard,hard,method,PBS-unbounded,0.01,100,100,100,29,71,0,0,0,0.00522268796339625,0.02778921347111455,,,,,0.00522268796339625,0.32,0.68,0.00522268796339625,0.32,0.68,0.00522268796339625,0.32,0.68,0.005361117888242,0.25,0.75,0.0075755431316792,0.17,0.83,0.0,0.32,0.0,0.32,,,,,,,,,,,,,,,,
airbnb,hard,hard,method,PBS-unbounded,0.03,100,100,100,44,56,0,0,0,0.0075290435925126,0.02616177781485015,,,,,0.0075290435925126,0.45,0.55,0.0075290435925126,0.45,0.55,0.0075290435925126,0.45,0.55,0.0086552088614553,0.38,0.62,0.0097040969412773,0.3,0.7,,,,,0.0,0.45,0.0,0.45,,,,,,,,,,,,
airbnb,hard,hard,method,PBS-unbounded,0.1,100,100,100,58,42,0,0,0,0.0087198249530047,0.0,,,,,0.0087198249530047,0.58,0.42,0.0087198249530047,0.58,0.42,0.0087198249530047,0.58,0.42,0.0098798829130828,0.51,0.49,0.0182728278450667,0.43,0.57,,,,,,,,,1.0,0.58,1.0,0.58,,,,,,,,
airbnb,hard,hard,method,PBS-unbounded,0.3,100,100,100,92,8,0,0,0,0.0301839055027812,0.0,,,,,0.0301839055027812,0.92,0.08,0.0301839055027812,0.92,0.08,0.0301839055027812,0.92,0.08,0.0331975659355521,0.85,0.15,0.0422904090955853,0.77,0.23,,,,,,,,,,,,,1.0,0.92,1.0,0.92,,,,
airbnb,hard,hard,method,PBS-unbounded,1.0,100,100,100,100,0,0,0,0,0.0325078158639371,0.0,,,,,0.0325078158639371,1.0,0.0,0.0325078158639371,1.0,0.0,0.0325078158639371,1.0,0.0,0.0389527329243719,0.93,0.07,0.0515053928829729,0.85,0.15,,,,,,,,,,,,,,,,,1.0,1.0,1.0,1.0
airbnb,hard,hard,method,PTS,0.0033,100,100,100,0,100,0,0,0,0.0028348509222269,0.028514312562346447,0.0,0.018868838014224287,0.0,0.0863107102392239,0.0028293500654399,0.19,0.81,,0.0,1.0,,0.0,1.0,,0.0,1.0,,0.0,1.0,,,,,,,,,,,,,,,,,,,,
airbnb,hard,hard,method,PTS,0.01,100,100,100,5,95,0,0,0,0.0040341059211640995,0.0284799370076507,,,,,0.0029912912286818,0.37,0.63,0.0055160890333354,0.25,0.75,0.0078919120132923,0.15,0.85,,0.0,1.0,,0.0,1.0,0.0,0.08885266566365027,0.1430375833952897,0.286899591099431,,,,,,,,,,,,,,,,
airbnb,hard,hard,method,PTS,0.03,100,100,100,9,91,0,0,0,0.0040539470501244,0.028484932640567402,,,,,0.0041302903555333,0.49,0.51,0.0067027702461927505,0.36,0.64,0.0093537592329084,0.29,0.71,0.0196921718306839,0.19,0.81,,0.0,1.0,,,,,0.0,0.17632207343430095,0.3236843681724595,0.4151409490251085,,,,,,,,,,,,
airbnb,hard,hard,method,PTS,0.1,100,100,100,19,80,0,0,0,0.0040691790636628,0.0290530597325414,,,,,0.0053962869569659,0.61,0.39,0.01161370705813165,0.5,0.5,0.0153503462206572,0.46,0.54,0.023142914287745897,0.3,0.7,0.0520275605376809,0.1,0.9,,,,,,,,,0.014021118227453649,0.2806430552115593,0.48863097081535156,0.5259398221089687,,,,,,,,
airbnb,hard,hard,method,PTS,0.3,100,100,100,29,39,0,0,0,0.00403957790695125,0.0,,,,,0.0064286747947335,0.65,0.35,0.012792308814823551,0.56,0.44,0.02023407537490125,0.54,0.46,0.045288964407518506,0.44,0.56,0.10942475730553265,0.28,0.72,,,,,,,,,,,,,0.0493411166339151,0.37694734592022244,0.6731888733485586,0.6195157031325874,,,,
airbnb,hard,hard,method,PTS,1.0,100,100,100,30,2,0,0,0,0.004088542191311649,0.0,,,,,0.00640984205529085,0.68,0.32,0.0174247436225414,0.59,0.41,0.0217596059665083,0.57,0.43,0.0547317438758909,0.46,0.54,0.1217957739718258,0.31,0.69,,,,,,,,,,,,,,,,,0.0926185344827586,0.3919824417672734,0.6889946406104601,0.642271679690017
airbnb,hard,hard,method,eps-ILP g=4,0.0033,100,100,100,0,100,0,0,0,,0.0318467260625213,0.0,0.0,0.0,0.0,,0.0,1.0,,0.0,1.0,,0.0,1.0,,0.0,1.0,,0.0,1.0,,,,,,,,,,,,,,,,,,,,
airbnb,hard,hard,method,eps-ILP g=4,0.01,100,100,100,0,100,0,0,0,0.008131633978337001,0.03192956769838925,,,,,0.008131633978337001,0.06,0.94,,0.0,1.0,,0.0,1.0,,0.0,1.0,,0.0,1.0,0.0,0.004588890784012733,0.0,0.007527853042854898,,,,,,,,,,,,,,,,
airbnb,hard,hard,method,eps-ILP g=4,0.03,100,100,100,0,100,0,0,0,0.01700798003003,0.0320300834998488,,,,,0.01699358830228445,0.36,0.64,,0.0,1.0,,0.0,1.0,,0.0,1.0,,0.0,1.0,,,,,0.0,0.01942773541400121,0.0,0.06882778538729042,,,,,,,,,,,,
airbnb,hard,hard,method,eps-ILP g=4,0.1,100,100,100,7,93,0,0,0,0.03305530687794085,0.03193930196575814,,,,,0.033063193783164,0.79,0.21,0.0861599650233984,0.01,0.99,,0.0,1.0,,0.0,1.0,,0.0,1.0,,,,,,,,,0.005210027100271001,0.034569927407609315,0.15209666078965275,0.24488903225178482,,,,,,,,
airbnb,hard,hard,method,eps-ILP g=4,0.3,100,100,100,25,75,0,0,0,0.0434583332389593,0.031373393535613955,,,,,0.044568347278982345,0.9,0.1,0.16019648849032814,0.08,0.92,,0.0,1.0,,0.0,1.0,,0.0,1.0,,,,,,,,,,,,,0.010914559695047451,0.042682006972722376,0.4009343847211722,0.37761274386642674,,,,
airbnb,hard,hard,method,eps-ILP g=4,1.0,100,100,100,79,21,0,0,0,0.045855074422433945,0.0,,,,,0.04814220150001345,1.0,0.0,0.2480574608780443,0.13,0.87,,0.0,1.0,,0.0,1.0,,0.0,1.0,,,,,,,,,,,,,,,,,0.01396368953332515,0.044564547712170555,0.41471756119493486,0.4220731577458644
airbnb,hard,hard,method,Pareto-DP,0.0033,100,100,100,5,95,0,0,0,0.0029037857893854,0.03125072757787995,0.0,0.06,0.0,0.06,0.0029037857893854,0.06,0.94,0.0029037857893854,0.06,0.94,0.0029037857893854,0.06,0.94,0.0029223407618701,0.01,0.99,,0.0,1.0,,,,,,,,,,,,,,,,,,,,
airbnb,hard,hard,method,Pareto-DP,0.01,100,100,100,22,78,0,0,0,0.0052993269637227,0.0294870720338076,,,,,0.0052993269637227,0.23,0.77,0.0052993269637227,0.23,0.77,0.0052993269637227,0.23,0.77,0.0068039977923035,0.16,0.84,0.00736883492209015,0.1,0.9,0.0,0.23,0.0,0.23,,,,,,,,,,,,,,,,
airbnb,hard,hard,method,Pareto-DP,0.03,100,100,100,32,68,0,0,0,0.0075482574757188,0.0275846733991056,,,,,0.0075482574757188,0.32,0.68,0.0075482574757188,0.32,0.68,0.0075482574757188,0.32,0.68,0.0087048611603677,0.25,0.75,0.0100392731837928,0.17,0.83,,,,,0.0,0.32,0.0,0.32,,,,,,,,,,,,
airbnb,hard,hard,method,Pareto-DP,0.1,100,100,100,40,60,0,0,0,0.0077094573061913,0.02717593996785575,,,,,0.0077094573061913,0.4,0.6,0.0077094573061913,0.4,0.6,0.0077094573061913,0.4,0.6,0.0109781348146498,0.33,0.67,0.0146216875873506,0.25,0.75,,,,,,,,,0.0,0.4,0.0,0.4,,,,,,,,
airbnb,hard,hard,method,Pareto-DP,0.3,100,100,100,52,48,0,0,0,0.011868912959471251,0.0,,,,,0.011868912959471251,0.52,0.48,0.011868912959471251,0.52,0.48,0.011868912959471251,0.52,0.48,0.0192275629378855,0.45,0.55,0.0377456578426063,0.37,0.63,,,,,,,,,,,,,1.0,0.52,1.0,0.52,,,,
airbnb,hard,hard,method,Pareto-DP,1.0,100,100,100,78,22,0,0,0,0.1015105592086911,0.0,,,,,0.1015105592086911,0.79,0.21,0.1015105592086911,0.79,0.21,0.1015105592086911,0.79,0.21,0.12000899575650689,0.72,0.28,0.15175155224278564,0.64,0.36,,,,,,,,,,,,,,,,,1.0,0.79,1.0,0.79
