dataset,job,mode,clock,method,elapsed_budget_s,n_requested,n_feasible,n_metric,n_completed,n_timeout,n_terminated,n_failed,n_not_run,t_first_median,overshoot_median,recall@0.0011_median,recall@0.0011_mean,hv@0.0011_median,hv@0.0011_mean,t_to_1_median,reached_1,censored_1,t_to_5_median,reached_5,censored_5,t_to_10_median,reached_10,censored_10,t_to_20_median,reached_20,censored_20,t_to_50_median,reached_50,censored_50,recall@0.003_median,recall@0.003_mean,hv@0.003_median,hv@0.003_mean,recall@0.01_median,recall@0.01_mean,hv@0.01_median,hv@0.01_mean,recall@0.03_median,recall@0.03_mean,hv@0.03_median,hv@0.03_mean,recall@0.1_median,recall@0.1_mean,hv@0.1_median,hv@0.1_mean,recall@0.3_median,recall@0.3_mean,hv@0.3_median,hv@0.3_mean,recall@1.0_median,recall@1.0_mean,hv@1.0_median,hv@1.0_mean
amazon,hard,hard,method,PACS,0.0011,100,100,100,0,100,0,0,0,,0.03006733790375285,0.0,0.0,0.0,0.0,,0.0,1.0,,0.0,1.0,,0.0,1.0,,0.0,1.0,,0.0,1.0,,,,,,,,,,,,,,,,,,,,,,,,
amazon,hard,hard,method,PACS,0.003,100,100,100,12,88,0,0,0,0.002849964890629,0.02987334600463505,,,,,0.002849964890629,0.31,0.69,0.0028507660608738,0.3,0.7,0.002849964890629,0.29,0.71,0.00285639963112765,0.2,0.8,,0.0,1.0,0.0,0.31,0.0,0.31,,,,,,,,,,,,,,,,,,,,
amazon,hard,hard,method,PACS,0.01,100,100,100,84,16,0,0,0,0.0041339506860822006,0.0,,,,,0.0041339506860822006,0.86,0.14,0.0041599264368414,0.85,0.15,0.0041698466520756,0.84,0.16,0.0042990506626665,0.67,0.33,0.0060869851149618,0.27,0.73,,,,,1.0,0.6971938714231779,1.0,0.824016745174186,,,,,,,,,,,,,,,,
amazon,hard,hard,method,PACS,0.03,100,100,100,99,1,0,0,0,0.0051990211941301,0.0,,,,,0.0051990211941301,0.99,0.01,0.0052001075819134,0.98,0.02,0.0052011939696967,0.97,0.03,0.0052570053376257,0.8,0.2,0.00638374523259695,0.34,0.66,,,,,,,,,1.0,0.7172764491809105,1.0,0.9197600707068472,,,,,,,,,,,,
amazon,hard,hard,method,PACS,0.1,100,100,100,100,0,0,0,0,0.0052002395968884,0.0,,,,,0.0052002395968884,1.0,0.0,0.0052004950121045,0.99,0.01,0.00521391397342085,0.98,0.02,0.0053326135966926,0.8,0.2,0.0075330093968659,0.34,0.66,,,,,,,,,,,,,1.0,0.7272764491809105,1.0,0.9297600707068472,,,,,,,,
amazon,hard,hard,method,PACS,0.3,100,100,100,100,0,0,0,0,0.0052168010734021004,0.0,,,,,0.0052168010734021004,1.0,0.0,0.0052175531163811,0.99,0.01,0.0052195754833519,0.98,0.02,0.00528138549998395,0.8,0.2,0.0065392919350415,0.34,0.66,,,,,,,,,,,,,,,,,1.0,0.7272764491809105,1.0,0.9297600707068472,,,,
amazon,hard,hard,method,PACS,1.0,100,100,100,100,0,0,0,0,0.0051886125002056,0.0,,,,,0.0051886125002056,1.0,0.0,0.0051891803741455,0.99,0.01,0.005191728007048349,0.98,0.02,0.0052356841042637495,0.8,0.2,0.00644120457582175,0.34,0.66,,,,,,,,,,,,,,,,,,,,,1.0,0.7272764491809105,1.0,0.9297600707068472
amazon,hard,hard,method,eps-ILP g=8,0.0011,100,100,100,0,100,0,0,0,,0.030037836165726098,0.0,0.0,0.0,0.0,,0.0,1.0,,0.0,1.0,,0.0,1.0,,0.0,1.0,,0.0,1.0,,,,,,,,,,,,,,,,,,,,,,,,
amazon,hard,hard,method,eps-ILP g=8,0.003,100,100,100,0,100,0,0,0,,0.0300479533877223,,,,,,0.0,1.0,,0.0,1.0,,0.0,1.0,,0.0,1.0,,0.0,1.0,0.0,0.0,0.0,0.0,,,,,,,,,,,,,,,,,,,,
amazon,hard,hard,method,eps-ILP g=8,0.01,100,100,100,0,100,0,0,0,0.0064184784423559505,0.03015111480839545,,,,,0.0064184784423559505,0.32,0.68,,0.0,1.0,,0.0,1.0,,0.0,1.0,,0.0,1.0,,,,,0.0,0.02487960324962828,0.0,0.05667813427031736,,,,,,,,,,,,,,,,
amazon,hard,hard,method,eps-ILP g=8,0.03,100,100,100,0,100,0,0,0,0.011209450894966649,0.030266193235293,,,,,0.011209450894966649,1.0,0.0,0.0290489429607987,0.02,0.98,,0.0,1.0,,0.0,1.0,,0.0,1.0,,,,,,,,,0.03761792452830185,0.06499645489709295,0.244642718478073,0.2876358954126203,,,,,,,,,,,,
amazon,hard,hard,method,eps-ILP g=8,0.1,100,100,100,0,100,0,0,0,0.011169699486345,0.030177566548809348,,,,,0.011169699486345,1.0,0.0,0.06052599195390935,0.58,0.42,,0.0,1.0,,0.0,1.0,,0.0,1.0,,,,,,,,,,,,,0.0821917808219178,0.10744554243404546,0.4523661191244729,0.4540835843345205,,,,,,,,
amazon,hard,hard,method,eps-ILP g=8,0.3,100,100,100,4,96,0,0,0,0.011128622572869,0.02964516989886755,,,,,0.011128622572869,1.0,0.0,0.0679909302853047,0.75,0.25,0.2553982739336788,0.05,0.95,,0.0,1.0,,0.0,1.0,,,,,,,,,,,,,,,,,0.09307359307359306,0.13768730803184842,0.5101616770555519,0.5238202022828724,,,,
amazon,hard,hard,method,eps-ILP g=8,1.0,100,100,100,82,18,0,0,0,0.01117909443564705,0.0,,,,,0.01117909443564705,1.0,0.0,0.0811175405979156,0.96,0.04,0.4969446000177413,0.72,0.28,0.58057965291664,0.11,0.89,,0.0,1.0,,,,,,,,,,,,,,,,,,,,,0.219345138656866,0.2610989540312828,0.8562842890938321,0.8224873985664668
amazon,hard,hard,method,eps-ILP g=16,0.0011,100,100,100,0,100,0,0,0,,0.030027612106502,0.0,0.0,0.0,0.0,,0.0,1.0,,0.0,1.0,,0.0,1.0,,0.0,1.0,,0.0,1.0,,,,,,,,,,,,,,,,,,,,,,,,
amazon,hard,hard,method,eps-ILP g=16,0.003,100,100,100,0,100,0,0,0,,0.0301809136550873,,,,,,0.0,1.0,,0.0,1.0,,0.0,1.0,,0.0,1.0,,0.0,1.0,0.0,0.0,0.0,0.0,,,,,,,,,,,,,,,,,,,,
amazon,hard,hard,method,eps-ILP g=16,0.01,100,100,100,0,100,0,0,0,0.00640310719609255,0.03021387198008595,,,,,0.00640310719609255,0.32,0.68,,0.0,1.0,,0.0,1.0,,0.0,1.0,,0.0,1.0,,,,,0.0,0.024704164653137052,0.0,0.05616315323529014,,,,,,,,,,,,,,,,
amazon,hard,hard,method,eps-ILP g=16,0.03,100,100,100,0,100,0,0,0,0.01112205768004055,0.0301402320899069,,,,,0.01112205768004055,1.0,0.0,0.025708669796586,0.01,0.99,,0.0,1.0,,0.0,1.0,,0.0,1.0,,,,,,,,,0.03761792452830185,0.06299126278258202,0.2298997992468309,0.275355250416326,,,,,,,,,,,,
amazon,hard,hard,method,eps-ILP g=16,0.1,100,100,100,0,100,0,0,0,0.011090117041021499,0.03016186398454005,,,,,0.011090117041021499,1.0,0.0,0.0694047440774738,0.52,0.48,0.0943428841419518,0.01,0.99,,0.0,1.0,,0.0,1.0,,,,,,,,,,,,,0.07596153846153844,0.10686154537006601,0.4001789589358258,0.43967066462026827,,,,,,,,
amazon,hard,hard,method,eps-ILP g=16,0.3,100,100,100,0,100,0,0,0,0.01108273537829515,0.029719522036612,,,,,0.01108273537829515,1.0,0.0,0.07827117410488421,0.72,0.28,0.18380652554333204,0.24,0.76,,0.0,1.0,,0.0,1.0,,,,,,,,,,,,,,,,,0.10731907894736839,0.1327347486320329,0.4949938601156679,0.48789412887430617,,,,
amazon,hard,hard,method,eps-ILP g=16,1.0,100,100,100,3,97,0,0,0,0.01115180552005765,0.02962269051931795,,,,,0.01115180552005765,1.0,0.0,0.08565229689702389,0.8,0.2,0.2069019312039017,0.33,0.67,,0.0,1.0,,0.0,1.0,,,,,,,,,,,,,,,,,,,,,0.1195238095238095,0.16012309639653452,0.5153777042159973,0.5286921257385085
amazon,hard,hard,method,PBS-unbounded,0.0011,100,100,100,0,100,0,0,0,,0.0300075430363416,0.0,0.0,0.0,0.0,,0.0,1.0,,0.0,1.0,,0.0,1.0,,0.0,1.0,,0.0,1.0,,,,,,,,,,,,,,,,,,,,,,,,
amazon,hard,hard,method,PBS-unbounded,0.003,100,100,100,11,89,0,0,0,0.0028670381288975,0.030014088869094797,,,,,0.0028670381288975,0.3,0.7,0.0028683170676231,0.29,0.71,0.00286981649696825,0.28,0.72,0.0028683170676231,0.19,0.81,,0.0,1.0,0.0,0.3,0.0,0.3,,,,,,,,,,,,,,,,,,,,
amazon,hard,hard,method,PBS-unbounded,0.01,100,100,100,74,26,0,0,0,0.0040325678419320995,0.0,,,,,0.0040325678419320995,0.78,0.22,0.0040427148342132,0.77,0.23,0.00404443242587145,0.76,0.24,0.0041836241725831495,0.66,0.34,0.00639281491748985,0.32,0.68,,,,,1.0,0.78,1.0,0.78,,,,,,,,,,,,,,,,
amazon,hard,hard,method,PBS-unbounded,0.03,100,100,100,95,5,0,0,0,0.0051284818910062,0.0,,,,,0.0051284818910062,0.95,0.05,0.00515813939273355,0.94,0.06,0.0051877968944609,0.93,0.07,0.0052537820301949,0.83,0.17,0.0086929271928966,0.49,0.51,,,,,,,,,1.0,0.95,1.0,0.95,,,,,,,,,,,,
amazon,hard,hard,method,PBS-unbounded,0.1,100,100,100,100,0,0,0,0,0.005203278968110649,0.0,,,,,0.005203278968110649,1.0,0.0,0.0052077798172831,0.99,0.01,0.0052252525929361,0.98,0.02,0.00543371844105415,0.88,0.12,0.00879367184825235,0.54,0.46,,,,,,,,,,,,,1.0,1.0,1.0,1.0,,,,,,,,
amazon,hard,hard,method,PBS-unbounded,0.3,100,100,100,100,0,0,0,0,0.00520519819110625,0.0,,,,,0.00520519819110625,1.0,0.0,0.0052096610888838,0.99,0.01,0.0052152168937027,0.98,0.02,0.0053439040202647,0.88,0.12,0.00878300890326495,0.54,0.46,,,,,,,,,,,,,,,,,1.0,1.0,1.0,1.0,,,,
amazon,hard,hard,method,PBS-unbounded,1.0,100,100,100,100,0,0,0,0,0.0052330561447888006,0.0,,,,,0.0052330561447888006,1.0,0.0,0.0052363439463078,0.99,0.01,0.0052366585005074,0.98,0.02,0.0063741030171513,0.88,0.12,0.0087708316277712,0.54,0.46,,,,,,,,,,,,,,,,,,,,,1.0,1.0,1.0,1.0
amazon,hard,hard,method,PTS,0.0011,100,100,100,0,100,0,0,0,,0.02997534255832425,0.0,0.0,0.0,0.0,,0.0,1.0,,0.0,1.0,,0.0,1.0,,0.0,1.0,,0.0,1.0,,,,,,,,,,,,,,,,,,,,,,,,
amazon,hard,hard,method,PTS,0.003,100,100,100,1,99,0,0,0,0.0016438839957118,0.029978750998154252,,,,,0.0016823816113173,0.59,0.41,0.0029217270202934,0.01,0.99,,0.0,1.0,,0.0,1.0,,0.0,1.0,0.01209207459207455,0.04845945025927971,0.2735458152030754,0.29775173462074883,,,,,,,,,,,,,,,,,,,,
amazon,hard,hard,method,PTS,0.01,100,100,100,4,96,0,0,0,0.0016525145620107,0.030005629416555102,,,,,0.0028665559366345,0.79,0.21,0.00546906585805115,0.48,0.52,0.0068696739617734506,0.24,0.76,,0.0,1.0,,0.0,1.0,,,,,0.07825203252032514,0.20353676099715556,0.5411842767533952,0.5406488109428262,,,,,,,,,,,,,,,,
amazon,hard,hard,method,PTS,0.03,100,100,100,21,79,0,0,0,0.0016483089420944001,0.030054460773244453,,,,,0.0029049688018858,0.82,0.18,0.0067831499036401,0.7,0.3,0.0113265300169587,0.55,0.45,0.0210399953648448,0.29,0.71,,0.0,1.0,,,,,,,,,0.19352869352869345,0.3968535210825067,0.7469027465852759,0.6701520624840807,,,,,,,,,,,,
amazon,hard,hard,method,PTS,0.1,100,100,100,44,56,0,0,0,0.0016381382010876998,0.0294891776051372,,,,,0.0028783460147678,0.87,0.13,0.0082086431793868,0.83,0.17,0.0136702191084623,0.77,0.23,0.025250240694731398,0.54,0.46,0.0769083821214735,0.11,0.89,,,,,,,,,,,,,0.7484375,0.5914614217516384,0.9774248517900954,0.8104097128400065,,,,,,,,
amazon,hard,hard,method,PTS,0.3,100,100,100,63,23,0,0,0,0.00164974038489155,0.0,,,,,0.0029373038560152,0.97,0.03,0.0095915147103369,0.93,0.07,0.0180288034025579,0.88,0.12,0.037158982129767495,0.76,0.24,0.11412210925482211,0.3,0.7,,,,,,,,,,,,,,,,,1.0,0.7601396842033359,1.0,0.9138890908067049,,,,
amazon,hard,hard,method,PTS,1.0,100,100,100,68,0,0,0,0,0.0016516903415322,0.0,,,,,0.00291698495857415,0.98,0.02,0.009508104994893,0.95,0.05,0.0168552494142204,0.9,0.1,0.0392661811783909,0.77,0.23,0.1333555029705166,0.33,0.67,,,,,,,,,,,,,,,,,,,,,1.0,0.7836954010855144,1.0,0.9255562959062367
amazon,hard,hard,method,eps-ILP g=4,0.0011,100,100,100,0,100,0,0,0,,0.03164335106834765,0.0,0.0,0.0,0.0,,0.0,1.0,,0.0,1.0,,0.0,1.0,,0.0,1.0,,0.0,1.0,,,,,,,,,,,,,,,,,,,,,,,,
amazon,hard,hard,method,eps-ILP g=4,0.003,100,100,100,0,100,0,0,0,,0.0318050100728869,,,,,,0.0,1.0,,0.0,1.0,,0.0,1.0,,0.0,1.0,,0.0,1.0,0.0,0.0,0.0,0.0,,,,,,,,,,,,,,,,,,,,
amazon,hard,hard,method,eps-ILP g=4,0.01,100,100,100,0,100,0,0,0,0.0064082234166562,0.0317811046354472,,,,,0.0064082234166562,0.32,0.68,,0.0,1.0,,0.0,1.0,,0.0,1.0,,0.0,1.0,,,,,0.0,0.02476860762395933,0.0,0.05462869622679919,,,,,,,,,,,,,,,,
amazon,hard,hard,method,eps-ILP g=4,0.03,100,100,100,0,100,0,0,0,0.0110784438438713,0.03179639860056335,,,,,0.0110784438438713,0.97,0.03,,0.0,1.0,,0.0,1.0,,0.0,1.0,,0.0,1.0,,,,,,,,,0.0368222891566265,0.06666534741829644,0.23069696934424525,0.2838870714708513,,,,,,,,,,,,
amazon,hard,hard,method,eps-ILP g=4,0.1,100,100,100,17,83,0,0,0,0.01114280964247875,0.031843591807410046,,,,,0.01114280964247875,1.0,0.0,0.0847403379157185,0.31,0.69,,0.0,1.0,,0.0,1.0,,0.0,1.0,,,,,,,,,,,,,0.0722996515679442,0.11617894032765806,0.49420630793096887,0.49469329008408247,,,,,,,,
amazon,hard,hard,method,eps-ILP g=4,0.3,100,100,100,91,9,0,0,0,0.0111051499843597,0.0,,,,,0.0111051499843597,1.0,0.0,0.11256309016607696,0.66,0.34,0.178411834873259,0.01,0.99,,0.0,1.0,,0.0,1.0,,,,,,,,,,,,,,,,,0.09556425309849965,0.13590811210874165,0.5903326264241633,0.5782248305081138,,,,
amazon,hard,hard,method,eps-ILP g=4,1.0,100,100,100,100,0,0,0,0,0.01119840494357045,0.0,,,,,0.01119840494357045,1.0,0.0,0.10590283595956855,0.68,0.32,0.1241958285681903,0.01,0.99,,0.0,1.0,,0.0,1.0,,,,,,,,,,,,,,,,,,,,,0.09556425309849965,0.13633838413850216,0.5934917396947149,0.5822976876779847
amazon,hard,hard,method,Pareto-DP,0.0011,100,100,100,0,100,0,0,0,,0.02450708974488075,0.0,0.0,0.0,0.0,,0.0,1.0,,0.0,1.0,,0.0,1.0,,0.0,1.0,,0.0,1.0,,,,,,,,,,,,,,,,,,,,,,,,
amazon,hard,hard,method,Pareto-DP,0.003,100,100,100,14,86,0,0,0,0.0028502682689577,0.024241561561822847,,,,,0.0028502682689577,0.3,0.7,0.0028531402349472,0.29,0.71,0.00285375607199965,0.28,0.72,0.0028543719090521,0.19,0.81,,0.0,1.0,0.0,0.3,0.0,0.3,,,,,,,,,,,,,,,,,,,,
amazon,hard,hard,method,Pareto-DP,0.01,100,100,100,59,41,0,0,0,0.00347444741055365,0.0,,,,,0.00347444741055365,0.62,0.38,0.0039700660854578,0.61,0.39,0.0039860690012574005,0.6,0.4,0.00416568084619935,0.5,0.5,0.006431489251554,0.17,0.83,,,,,1.0,0.62,1.0,0.62,,,,,,,,,,,,,,,,
amazon,hard,hard,method,Pareto-DP,0.03,100,100,100,78,22,0,0,0,0.0052070170640945,0.0,,,,,0.0052070170640945,0.79,0.21,0.0052150855772197,0.78,0.22,0.0052231540903449,0.77,0.23,0.0063740396872162,0.67,0.33,0.0087423841468989,0.33,0.67,,,,,,,,,1.0,0.79,1.0,0.79,,,,,,,,,,,,
amazon,hard,hard,method,Pareto-DP,0.1,100,100,100,90,10,0,0,0,0.0063229347579181,0.0,,,,,0.0063229347579181,0.91,0.09,0.0063406599219888,0.9,0.1,0.0063583850860595,0.89,0.11,0.0064034280367195,0.79,0.21,0.0146165550686419,0.45,0.55,,,,,,,,,,,,,1.0,0.91,1.0,0.91,,,,,,,,
amazon,hard,hard,method,Pareto-DP,0.3,100,100,100,97,3,0,0,0,0.0063856877386569,0.0,,,,,0.0063856877386569,0.97,0.03,0.00638792593963435,0.96,0.04,0.0063901641406118,0.95,0.05,0.0075955190695822,0.85,0.15,0.0179904089309275,0.51,0.49,,,,,,,,,,,,,,,,,1.0,0.97,1.0,0.97,,,,
amazon,hard,hard,method,Pareto-DP,1.0,100,100,100,100,0,0,0,0,0.0064871194772422,0.0,,,,,0.0064871194772422,1.0,0.0,0.0064986371435225,0.99,0.01,0.006530186627060151,0.98,0.02,0.00814715633168815,0.88,0.12,0.02032668399624525,0.54,0.46,,,,,,,,,,,,,,,,,,,,,1.0,1.0,1.0,1.0
