sweep,method,param,metric,median,q25,q75
catalog,PACS,10.0,e2e_s,0.0031889553647488,0.001566455932334025,0.005682625342160425
catalog,PACS,15.0,e2e_s,0.0047537900973111,0.0020781623898073497,0.0070108699146657245
catalog,PACS,20.0,e2e_s,0.00591815519146615,0.002844761707819925,0.0087427052203565
catalog,PACS,25.0,e2e_s,0.00673043541610235,0.00337361474521455,0.00935604108963155
catalog,PACS,30.0,e2e_s,0.007336965529248051,0.004099198500625725,0.011228708550333925
catalog,PTS,10.0,e2e_s,0.00703574134968215,0.0023203958990051753,0.010686858906410576
catalog,PTS,15.0,e2e_s,0.009229778312146601,0.003241483704186925,0.010789052466861826
catalog,PTS,20.0,e2e_s,0.00988940685056145,0.0042902989080175254,0.011533298296853824
catalog,PTS,25.0,e2e_s,0.010705848922953,0.0048337220214307005,0.012601403635926475
catalog,PTS,30.0,e2e_s,0.010800345102325,0.00558013736736025,0.012471189373172775
