setting,label,x,method,component,median_ms,q25_ms,q75_ms,n,group
e11_cat10k,10,10,PTS,retrieval_s,0.9290510788559501,0.8503850549459,1.06124661397185,100,amazon_category
e11_cat15k,15,15,PTS,retrieval_s,1.2055221013724502,1.101007917895875,1.43243768252425,100,amazon_category
e11_cat20k,20,20,PTS,retrieval_s,1.4675869606435,1.3345148181542,1.7308614915236,100,amazon_category
e11_cat25k,25,25,PTS,retrieval_s,1.7220308072864499,1.54934602323915,2.062627696432125,100,amazon_category
e11_cat30k,30,30,PTS,retrieval_s,1.98351242579515,1.78874679841095,2.357484190724775,100,amazon_category
e11_cat10k,10,10,PTS,search_s,5.73562784120435,1.1469826567918,8.921987842768399,100,amazon_category
e11_cat15k,15,15,PTS,search_s,7.303009042516351,1.746408641338275,8.6042747134342,100,amazon_category
e11_cat20k,20,20,PTS,search_s,7.8005793038755,2.441061777062625,8.869409561157148,100,amazon_category
e11_cat25k,25,25,PTS,search_s,8.196842623874499,2.9359447071328,9.3037148471921,100,amazon_category
e11_cat30k,30,30,PTS,search_s,8.0533090513199,2.9944085981696498,9.188677300698973,100,amazon_category
e11_cat10k,10,10,PTS,total_s,7.035741349682151,2.320395899005175,10.686858906410576,100,amazon_category
e11_cat15k,15,15,PTS,total_s,9.2297783121466,3.2414837041869253,10.789052466861826,100,amazon_category
e11_cat20k,20,20,PTS,total_s,9.88940685056145,4.290298908017526,11.533298296853824,100,amazon_category
e11_cat25k,25,25,PTS,total_s,10.705848922952999,4.833722021430701,12.601403635926474,100,amazon_category
e11_cat30k,30,30,PTS,total_s,10.800345102325,5.5801373673602495,12.471189373172773,100,amazon_category
