workload,method,rule,param,n_requested,n_metric,n_returned,n_recovered,recall,hv,evals_median
synthetic,PACS,raw_cost,1,7,7,7,0,0.0,0.0,17.0
synthetic,PACS,overage,1,7,7,7,0,0.0,0.0,17.0
synthetic,PACS,raw_cost,5,7,7,7,7,0.395578231292517,0.5258932221899167,68.0
synthetic,PACS,overage,5,7,7,7,7,0.0,0.0,59.0
synthetic,PACS,raw_cost,20,7,7,7,7,0.6052721088435373,0.7336650664924802,182.0
synthetic,PACS,overage,20,7,7,7,7,0.0,0.0,68.0
synthetic,PACS,raw_cost,50,7,7,7,7,0.6862244897959184,0.7854656156071945,278.0
synthetic,PACS,overage,50,7,7,7,7,0.0,0.0,68.0
synthetic,PACS,raw_cost,200,7,7,7,7,0.846655328798186,0.9289795203512864,278.0
synthetic,PACS,overage,200,7,7,7,7,0.0,0.0,68.0
synthetic,PACS,raw_cost,1000,7,7,7,7,0.9841269841269842,0.9999974638351772,278.0
synthetic,PACS,overage,1000,7,7,7,7,0.0,0.0,68.0
synthetic,PACS,raw_cost,5000,7,7,7,7,1.0,1.0,278.0
synthetic,PACS,overage,5000,7,7,7,7,0.0,0.0,68.0
synthetic,PTS,raw_cost,100,7,7,7,7,0.6326530612244898,0.6575887623278318,299.0
synthetic,PTS,raw_cost,300,7,7,7,7,0.9841269841269842,0.9999974638351772,299.0
synthetic,PTS,raw_cost,1000,7,7,7,7,1.0,1.0,299.0
synthetic,PTS,raw_cost,3000,7,7,7,7,1.0,1.0,299.0
synthetic,PTS,raw_cost,10000,7,7,7,7,1.0,1.0,299.0
catalog,PACS,raw_cost,1,100,100,72,0,0.01587567194530508,0.1166868739176962,30.5
catalog,PACS,overage,1,100,100,72,0,0.01587567194530508,0.1166868739176962,30.5
catalog,PACS,raw_cost,5,100,100,97,96,0.11545480841712007,0.4315153860071846,123.0
catalog,PACS,overage,5,100,100,88,81,0.07795618597395734,0.32230420426350537,106.5
catalog,PACS,raw_cost,20,100,100,100,100,0.437759240104619,0.7497657125855204,347.0
catalog,PACS,overage,20,100,100,89,82,0.1519919868224005,0.4154091166979652,201.0
catalog,PACS,raw_cost,50,100,100,100,100,0.7005403247133226,0.8987273731846207,559.0
catalog,PACS,overage,50,100,100,89,82,0.18866514713524996,0.44098409889576856,208.0
catalog,PACS,raw_cost,200,100,100,100,100,0.9573847867157417,0.988355023032481,613.0
catalog,PACS,overage,200,100,100,89,82,0.20510809347019432,0.44750650996183583,208.0
catalog,PACS,raw_cost,1000,100,100,100,100,1.0,1.0,613.0
catalog,PACS,overage,1000,100,100,89,82,0.20524591889132757,0.4475377555198078,208.0
catalog,PACS,raw_cost,5000,100,100,100,100,1.0,1.0,613.0
catalog,PACS,overage,5000,100,100,89,82,0.20524591889132757,0.4475377555198078,208.0
catalog,PTS,raw_cost,100,100,100,100,100,0.454865312639908,0.669865326454385,493.0
catalog,PTS,raw_cost,300,100,100,100,100,0.7029971991745652,0.8618598690027167,1198.0
catalog,PTS,raw_cost,1000,100,100,100,100,0.9072477174791928,0.9567730223925554,1469.0
catalog,PTS,raw_cost,3000,100,100,100,100,0.9670255798996206,0.9884729996876905,1469.0
catalog,PTS,raw_cost,10000,100,100,100,100,1.0,1.0,1469.0
