beta,family,arm,n_requested,n_metric,n_returned,n_failure,recall,hv,evals_median,time_median
0.8,PACS,full,100,100,100,0,0.7272764491809105,0.9297600707068472,745.0,0.0020459147635847
0.8,PACS,-rawcost,100,100,97,0,0.2999891687242686,0.6802151595246447,190.5,0.00059027294628315
0.8,PACS,-scalar(crowd),100,100,100,0,0.7871591215168711,0.9787176793817156,745.0,0.0020689456723630003
0.8,PACS,-scalar(epsgrid),100,100,100,0,0.7590998864864587,0.9619788125149321,729.0,0.0020578044932335502
0.8,PACS,-reduction,100,100,100,0,0.7272764491809105,0.9297600707068472,2960.5,0.0067159025929868
0.8,PTS,full,100,100,100,0,0.7836954010855145,0.9255562959062367,1795.0,0.005246358457952649
0.8,PTS,-bound,100,100,100,0,0.7743246246113661,0.9240807008847429,1862.0,0.0060724313370883
0.8,PTS,-prefixdom,100,100,100,0,0.6403634382375125,0.8654863214296484,1367.5,0.004453761968761599
0.8,PTS,-bound-prefixdom,100,100,100,0,0.6009989399949158,0.8480745123399912,1314.0,0.00423980946652585
0.8,PTS,-cap,100,100,100,0,0.7836954010855145,0.9255562959062367,1795.0,0.0052218891214579
