panel,family,arm,beta,n_requested,n_paired,n_metric,n_failure,n_timeout,median
ablation_dist_recall,PACS,-rawcost,0.8,100,100,100,0,0,-0.44281045751633985
ablation_dist_recall,PTS,-bound,0.8,100,100,100,0,0,0.0
ablation_dist_recall,PTS,-prefixdom,0.8,100,100,100,0,0,-0.0154932786511734
ablation_dist_recall,PTS,-bound-prefixdom,0.8,100,100,100,0,0,-0.01972959207297305
ablation_dist_hv,PACS,-rawcost,0.8,100,100,100,0,0,-0.13624012097719174
ablation_dist_hv,PTS,-bound,0.8,100,100,100,0,0,0.0
ablation_dist_hv,PTS,-prefixdom,0.8,100,100,100,0,0,-0.008305162694292878
ablation_dist_hv,PTS,-bound-prefixdom,0.8,100,100,100,0,0,-0.01980312550399721
ablation_dist_work,PACS,-rawcost,0.8,100,100,100,0,0,0.35311176852269355
ablation_dist_work,PTS,-bound,0.8,100,100,100,0,0,1.0
ablation_dist_work,PTS,-prefixdom,0.8,100,100,100,0,0,1.0
ablation_dist_work,PTS,-bound-prefixdom,0.8,100,100,100,0,0,1.0
