method,value
PACS,0.2665053410455584
PACS,0.0168054732494056
PACS,0.0089345560409128
PACS,0.0038246330805122
PACS,0.0038697910495102
PACS,0.0051141148433089
PACS,0.0036912830546498
PACS,0.0051414580084383
PACS,0.0036298246122896
PACS,0.0073946015909314
PACS,0.009601779282093
PACS,0.0186176402494311
PACS,0.0048922854475677
PACS,0.0059757730923593
PACS,0.0065740947611629
PACS,0.0037271119654178
PACS,0.0086378641426563
PACS,0.0146574317477643
PACS,0.0132301994599401
PACS,0.0089228469878435
PACS,0.0036820252425968
PACS,0.0111443744972348
PACS,0.0072626806795597
PACS,0.0049687577411532
PACS,0.0036117327399551
PACS,0.0096231522038578
PACS,0.0098775303922593
PACS,0.0088121206499636
PACS,0.0037249610759317
PACS,0.0049290293827652
PACS,0.0036166929639875
PACS,0.0097527997568249
PACS,0.0169181670062243
PACS,0.0037452229298651
PACS,0.0069237709976732
PACS,0.0100566339679062
PACS,0.0123635651543736
PACS,0.006118896882981
PACS,0.0086413905955851
PACS,0.0205872883088886
PACS,0.0061110518872737
PACS,0.0049176625907421
PACS,0.003752666991204
PACS,0.0049063949845731
PACS,0.0037346384488046
PACS,0.0062128538265824
PACS,0.0036962698213756
PACS,0.0494350637309253
PACS,0.0078106755390763
PACS,0.0038628503680229
PACS,0.0090726879425346
PACS,0.007359083276242
PACS,0.0049618929624557
PACS,0.0059967651031911
PACS,0.0060184891335666
PACS,0.0075440602377057
PACS,0.0036598481237888
PACS,0.0036899377591907
PACS,0.0049138655886054
PACS,0.0036230199038982
PACS,0.0036987150087952
PACS,0.0062031541019678
PACS,0.0121658048592507
PACS,0.0085035418160259
PACS,0.0048678610473871
PACS,0.0154402209445834
PACS,0.0052494551055133
PACS,0.0039108279161155
PACS,0.0119864582084119
PACS,0.0096541605889797
PACS,0.0040880879387259
PACS,0.013264566194266
PACS,0.0063515310175716
PACS,0.0123113193549215
PACS,0.0036965999752283
PACS,0.0036382898688316
PACS,0.0035744621418416
PACS,0.0052693984471261
PACS,0.0109845199622213
PACS,0.0136303794570267
PACS,0.0037392512895166
PACS,0.0038419701159
PACS,0.0049241562373936
PACS,0.0086720120161771
PACS,0.00240432145074
PACS,0.0060711419209837
PACS,0.0087082330137491
PACS,0.0121429427526891
PACS,0.008435777388513
PACS,0.0086247827857732
PACS,0.0037568369880318
PACS,0.0062123276293277
PACS,0.003684511873871
PACS,0.0075435950420796
PACS,0.0050560291856527
PACS,0.0039652618579566
PACS,0.0037643462419509
PACS,0.0024820603430271
PACS,0.0073451157659292
PACS,0.0050814398564398
PTS,0.2640936472453177
PTS,0.0064072110690176
PTS,0.0030419887043535
PTS,0.0025885542854666
PTS,0.0024976590648293
PTS,0.0027203615754842
PTS,0.0024429885670542
PTS,0.0026537310332059
PTS,0.0024415170773863
PTS,0.0038967235013842
PTS,0.0027867262251675
PTS,0.004315233323723
PTS,0.0025406619533896
PTS,0.0025062900967895
PTS,0.0026571387425065
PTS,0.0024854433722794
PTS,0.0026503941044211
PTS,0.0027970564551651
PTS,0.0028819688595831
PTS,0.002621432300657
PTS,0.0026553142815828
PTS,0.0028034336864948
PTS,0.0025536487810313
PTS,0.0024248529225587
PTS,0.0023921900428831
PTS,0.0025675380602478
PTS,0.0027189692482352
PTS,0.0028404830954968
PTS,0.0025383797474205
PTS,0.0025354973040521
PTS,0.0024933880195021
PTS,0.0039289710111916
PTS,0.0041271727532148
PTS,0.0024569667875766
PTS,0.0033725402317941
PTS,0.0043616062030196
PTS,0.0025846962817013
PTS,0.0025116177275776
PTS,0.0040693082846701
PTS,0.0042866677977144
PTS,0.0028083189390599
PTS,0.0024509886279702
PTS,0.0024744025431573
PTS,0.002492347266525
PTS,0.0025594723410904
PTS,0.0025904304347932
PTS,0.0027480442076921
PTS,0.0024345726706087
PTS,0.0043467576615512
PTS,0.0026569450274109
PTS,0.0042091929353773
PTS,0.0025961827486753
PTS,0.0025661457329988
PTS,0.0025178999640047
PTS,0.0024074483662843
PTS,0.0040252255275845
PTS,0.0024764570407569
PTS,0.002473450731486
PTS,0.0024669552221894
PTS,0.0023854421451687
PTS,0.0023733437992632
PTS,0.0025685443542897
PTS,0.0041242870502173
PTS,0.002640108577907
PTS,0.0025422815233469
PTS,0.0025182398967444
PTS,0.0040350407361984
PTS,0.002669408917427
PTS,0.0025644549168646
PTS,0.0025985101237893
PTS,0.0029293126426637
PTS,0.003922076895833
PTS,0.0027660382911562
PTS,0.004221991635859
PTS,0.0025308458134531
PTS,0.0025543691590428
PTS,0.002361022401601
PTS,0.0041566891595721
PTS,0.0026889648288488
PTS,0.0045866309665143
PTS,0.0025025373324751
PTS,0.0026583392173051
PTS,0.0024886569008231
PTS,0.0026575052179396
PTS,0.0024324115365743
PTS,0.0024715038016438
PTS,0.0027343579567968
PTS,0.0039147129282355
PTS,0.0025976472534239
PTS,0.0027026617899537
PTS,0.0024303859099745
PTS,0.0025563607923686
PTS,0.0024354876950383
PTS,0.0027206786908209
PTS,0.0026066470891237
PTS,0.0025757104158401
PTS,0.0025510061532258
PTS,0.0024058069102466
PTS,0.0024323347024619
PTS,0.0024871928617358
eps-ILP g=4,0.2666692710481584
eps-ILP g=4,0.0250597153790295
eps-ILP g=4,0.0186913493089377
eps-ILP g=4,0.0108492281287908
eps-ILP g=4,0.0131199029274284
eps-ILP g=4,0.0146020469255745
eps-ILP g=4,0.004828464705497
eps-ILP g=4,0.0062852720730006
eps-ILP g=4,0.0048543033190071
eps-ILP g=4,0.0143069438636302
eps-ILP g=4,0.0119117801077663
eps-ILP g=4,0.0310347666963934
eps-ILP g=4,0.0119663127698004
eps-ILP g=4,0.0117283649742603
eps-ILP g=4,0.0143930339254438
eps-ILP g=4,0.0107319606468081
eps-ILP g=4,0.015600040089339
eps-ILP g=4,0.0156576461158692
eps-ILP g=4,0.0119972885586321
eps-ILP g=4,0.0155203719623386
eps-ILP g=4,0.0107081928290426
eps-ILP g=4,0.0154330488294363
eps-ILP g=4,0.0073141735047101
eps-ILP g=4,0.0060005998238921
eps-ILP g=4,0.0047920788638293
eps-ILP g=4,0.0075944662094116
eps-ILP g=4,0.0167686948552727
eps-ILP g=4,0.0203766236081719
eps-ILP g=4,0.011898782569915
eps-ILP g=4,0.0118754394352436
eps-ILP g=4,0.0106313209980726
eps-ILP g=4,0.0167656810954213
eps-ILP g=4,0.0203851349651813
eps-ILP g=4,0.0129502201452851
eps-ILP g=4,0.0174453328363597
eps-ILP g=4,0.0251669017598032
eps-ILP g=4,0.0131597211584448
eps-ILP g=4,0.0130569720640778
eps-ILP g=4,0.0167619483545422
eps-ILP g=4,0.0240771519020199
eps-ILP g=4,0.0118839237838983
eps-ILP g=4,0.0106039149686694
eps-ILP g=4,0.0119390920735895
eps-ILP g=4,0.0131026846356689
eps-ILP g=4,0.0119339479133486
eps-ILP g=4,0.0108827957883477
eps-ILP g=4,0.0108205582946538
eps-ILP g=4,0.0059604570269584
eps-ILP g=4,0.028705159202218
eps-ILP g=4,0.0132056241855025
eps-ILP g=4,0.0285690217278897
eps-ILP g=4,0.0119323101826012
eps-ILP g=4,0.013128891121596
eps-ILP g=4,0.0106869782321155
eps-ILP g=4,0.0048111747018992
eps-ILP g=4,0.019064970780164
eps-ILP g=4,0.0060418210923671
eps-ILP g=4,0.0107055641710758
eps-ILP g=4,0.0136623769067227
eps-ILP g=4,0.006113703828305
eps-ILP g=4,0.0063147866167128
eps-ILP g=4,0.0131030022166669
eps-ILP g=4,0.0180749548599123
eps-ILP g=4,0.0142837450839579
eps-ILP g=4,0.0118548274040222
eps-ILP g=4,0.0096332072280347
eps-ILP g=4,0.0227647479623556
eps-ILP g=4,0.0212856912985444
eps-ILP g=4,0.0200320486910641
eps-ILP g=4,0.0143745769746601
eps-ILP g=4,0.006453139707446
eps-ILP g=4,0.0124298580922186
eps-ILP g=4,0.0143809621222317
eps-ILP g=4,0.0216238657012581
eps-ILP g=4,0.0060620680451393
eps-ILP g=4,0.0118474899791181
eps-ILP g=4,0.0047449292615056
eps-ILP g=4,0.0237350813113152
eps-ILP g=4,0.0097987609915435
eps-ILP g=4,0.0287639000453054
eps-ILP g=4,0.0119847110472619
eps-ILP g=4,0.0178514658473432
eps-ILP g=4,0.0118962377309799
eps-ILP g=4,0.0154876192100346
eps-ILP g=4,0.0047784741036593
eps-ILP g=4,0.0119028817862272
eps-ILP g=4,0.0132828881032764
eps-ILP g=4,0.0237232549116015
eps-ILP g=4,0.0120787373743951
eps-ILP g=4,0.0168157201260328
eps-ILP g=4,0.0118909287266433
eps-ILP g=4,0.0155320526100695
eps-ILP g=4,0.0106560033746063
eps-ILP g=4,0.0191930225118994
eps-ILP g=4,0.0118133332580327
eps-ILP g=4,0.0107503971084952
eps-ILP g=4,0.0084228012710809
eps-ILP g=4,0.0059870430268347
eps-ILP g=4,0.0119197936728596
eps-ILP g=4,0.0131030855700373
eps-ILP g=16,0.2725637340918183
eps-ILP g=16,0.0249152099713683
eps-ILP g=16,0.0182153191417455
eps-ILP g=16,0.010854828171432
eps-ILP g=16,0.0130627593025565
eps-ILP g=16,0.0145552447065711
eps-ILP g=16,0.004873885307461
eps-ILP g=16,0.0062897028401494
eps-ILP g=16,0.0048214998096227
eps-ILP g=16,0.0145041840150952
eps-ILP g=16,0.0119324224069714
eps-ILP g=16,0.0310409143567085
eps-ILP g=16,0.0119365355931222
eps-ILP g=16,0.0117710903286933
eps-ILP g=16,0.0144265857525169
eps-ILP g=16,0.010700590442866
eps-ILP g=16,0.015646943822503
eps-ILP g=16,0.0160037707537412
eps-ILP g=16,0.0111185670830309
eps-ILP g=16,0.0161580359563231
eps-ILP g=16,0.0110509721562266
eps-ILP g=16,0.015504433773458
eps-ILP g=16,0.0073381061665713
eps-ILP g=16,0.0060836300253868
eps-ILP g=16,0.0047992090694606
eps-ILP g=16,0.0072855479083955
eps-ILP g=16,0.0214197873137891
eps-ILP g=16,0.0204503289423882
eps-ILP g=16,0.0110129178501665
eps-ILP g=16,0.011985280085355
eps-ILP g=16,0.0106467939913272
eps-ILP g=16,0.0167761296033859
eps-ILP g=16,0.0203912747092545
eps-ILP g=16,0.013020905200392
eps-ILP g=16,0.0173301235772669
eps-ILP g=16,0.0252937749028205
eps-ILP g=16,0.0131686348468065
eps-ILP g=16,0.0131574478000402
eps-ILP g=16,0.0167260984890162
eps-ILP g=16,0.0241552810184657
eps-ILP g=16,0.0119702327065169
eps-ILP g=16,0.010790622793138
eps-ILP g=16,0.0122794010676443
eps-ILP g=16,0.0142810968682169
eps-ILP g=16,0.0119437193498015
eps-ILP g=16,0.0109226955100893
eps-ILP g=16,0.0095585561357438
eps-ILP g=16,0.0060257883742451
eps-ILP g=16,0.0298913805745542
eps-ILP g=16,0.0143538895063102
eps-ILP g=16,0.0286850840784609
eps-ILP g=16,0.0119963847100734
eps-ILP g=16,0.0131309288553893
eps-ILP g=16,0.0107079315930604
eps-ILP g=16,0.0060099232941865
eps-ILP g=16,0.0191547330468893
eps-ILP g=16,0.0060069928877055
eps-ILP g=16,0.0106930220499634
eps-ILP g=16,0.0118823861703276
eps-ILP g=16,0.0059973481111228
eps-ILP g=16,0.0060364264063537
eps-ILP g=16,0.0132610970176756
eps-ILP g=16,0.0180168482474982
eps-ILP g=16,0.0132263209670782
eps-ILP g=16,0.0112890866585075
eps-ILP g=16,0.0104182045906782
eps-ILP g=16,0.0227073547430336
eps-ILP g=16,0.0120014208368957
eps-ILP g=16,0.0200507910922169
eps-ILP g=16,0.0143031850457191
eps-ILP g=16,0.0064195869490504
eps-ILP g=16,0.013169593643397
eps-ILP g=16,0.0144564020447433
eps-ILP g=16,0.0216100742109119
eps-ILP g=16,0.0060431854799389
eps-ILP g=16,0.0120091116987168
eps-ILP g=16,0.0048063853755593
eps-ILP g=16,0.0238421182148158
eps-ILP g=16,0.0098082097247242
eps-ILP g=16,0.0286931074224412
eps-ILP g=16,0.0119180814363062
eps-ILP g=16,0.0179529269225895
eps-ILP g=16,0.0119403819553554
eps-ILP g=16,0.0156220500357449
eps-ILP g=16,0.0048307599499821
eps-ILP g=16,0.0118742403574287
eps-ILP g=16,0.013377811294049
eps-ILP g=16,0.0237735230475664
eps-ILP g=16,0.0119397048838436
eps-ILP g=16,0.0169026060029864
eps-ILP g=16,0.0119242239743471
eps-ILP g=16,0.0154742537997663
eps-ILP g=16,0.0107849366031587
eps-ILP g=16,0.0191583139821887
eps-ILP g=16,0.0119286668486893
eps-ILP g=16,0.0108500346541404
eps-ILP g=16,0.0086006121709942
eps-ILP g=16,0.0060394220054149
eps-ILP g=16,0.0118835470639169
eps-ILP g=16,0.0132428286597132
PBS-unbounded,0.2665514498949051
PBS-unbounded,0.037917701061815
PBS-unbounded,0.0091455192305147
PBS-unbounded,0.0038245311006903
PBS-unbounded,0.0039273952133953
PBS-unbounded,0.00625134492293
PBS-unbounded,0.0036353575997054
PBS-unbounded,0.0051316828466951
PBS-unbounded,0.0036023808643221
PBS-unbounded,0.0073873540386557
PBS-unbounded,0.0179739333689212
PBS-unbounded,0.0404599527828395
PBS-unbounded,0.0049331560730934
PBS-unbounded,0.006016056984663
PBS-unbounded,0.0077409446239471
PBS-unbounded,0.004836612381041
PBS-unbounded,0.0109407389536499
PBS-unbounded,0.0191809455864131
PBS-unbounded,0.0203839871101081
PBS-unbounded,0.0109600061550736
PBS-unbounded,0.0038854232989251
PBS-unbounded,0.0132618965581059
PBS-unbounded,0.0089907078072428
PBS-unbounded,0.0050400686450302
PBS-unbounded,0.0038660438731312
PBS-unbounded,0.0166099178604781
PBS-unbounded,0.0110807111486792
PBS-unbounded,0.0100099011324346
PBS-unbounded,0.0037094019353389
PBS-unbounded,0.0049471892416477
PBS-unbounded,0.0037236656062304
PBS-unbounded,0.0109377689659595
PBS-unbounded,0.0425793398171663
PBS-unbounded,0.00369334500283
PBS-unbounded,0.0070490399375557
PBS-unbounded,0.0125044248998165
PBS-unbounded,0.0178236528299748
PBS-unbounded,0.0060613537207245
PBS-unbounded,0.0097853252664208
PBS-unbounded,0.055358410347253
PBS-unbounded,0.0066371029242873
PBS-unbounded,0.006073725875467
PBS-unbounded,0.0037772054783999
PBS-unbounded,0.0049938829615712
PBS-unbounded,0.0037629725411534
PBS-unbounded,0.0062274034135043
PBS-unbounded,0.0037005553022027
PBS-unbounded,0.0038045095279812
PBS-unbounded,0.0078984200954437
PBS-unbounded,0.0050085093826055
PBS-unbounded,0.0101452968083322
PBS-unbounded,0.0074534905143082
PBS-unbounded,0.00618133880198
PBS-unbounded,0.0072351521812379
PBS-unbounded,0.0071421070024371
PBS-unbounded,0.0075391181744635
PBS-unbounded,0.0036848406307399
PBS-unbounded,0.0036797090433537
PBS-unbounded,0.0037579918280243
PBS-unbounded,0.00489799445495
PBS-unbounded,0.0036747669801115
PBS-unbounded,0.0063079008832573
PBS-unbounded,0.0190969170071184
PBS-unbounded,0.0121078863739967
PBS-unbounded,0.0050229090265929
PBS-unbounded,0.026022502221167
PBS-unbounded,0.0040820334106683
PBS-unbounded,0.003904877230525
PBS-unbounded,0.0131988343782722
PBS-unbounded,0.0131308888085186
PBS-unbounded,0.0040814289823174
PBS-unbounded,0.0214070188812911
PBS-unbounded,0.0063365148380398
PBS-unbounded,0.0286364504136145
PBS-unbounded,0.003697492647916
PBS-unbounded,0.0038098818622529
PBS-unbounded,0.0024252538569271
PBS-unbounded,0.0053184530697762
PBS-unbounded,0.0202693627215921
PBS-unbounded,0.0277761365287005
PBS-unbounded,0.0037821885198354
PBS-unbounded,0.0038238279521465
PBS-unbounded,0.0061015640385448
PBS-unbounded,0.0098066781647503
PBS-unbounded,0.0024314885959029
PBS-unbounded,0.0872944914735853
PBS-unbounded,0.0110030034556984
PBS-unbounded,0.0172073850408196
PBS-unbounded,0.0097200837917625
PBS-unbounded,0.0097816311754286
PBS-unbounded,0.0037007038481533
PBS-unbounded,0.0073779420927166
PBS-unbounded,0.0036992528475821
PBS-unbounded,0.0076682767830789
PBS-unbounded,0.0049923444166779
PBS-unbounded,0.0039537409320473
PBS-unbounded,0.0024983822368085
PBS-unbounded,0.0036792457103729
PBS-unbounded,0.0071579539217054
PBS-unbounded,0.0049423119053244
Pareto-DP,0.2735765781253576
Pareto-DP,0.7537746489979327
Pareto-DP,0.010159243363887
Pareto-DP,0.0038002021610736
Pareto-DP,0.0036964360624551
Pareto-DP,0.0074357539415359
Pareto-DP,0.0036231568083167
Pareto-DP,0.0074460869655013
Pareto-DP,0.0036359503865242
Pareto-DP,0.0097289159893989
Pareto-DP,0.0386253823526203
Pareto-DP,0.2128754956647753
Pareto-DP,0.0037579503841698
Pareto-DP,0.0059788404032588
Pareto-DP,0.01316699385643
Pareto-DP,0.0048671010881662
Pareto-DP,0.0179219217970967
Pareto-DP,0.0608332515694201
Pareto-DP,0.1012357850559055
Pareto-DP,0.0190608180128037
Pareto-DP,0.0037332028150558
Pareto-DP,0.0317690605297684
Pareto-DP,0.0235363310202956
Pareto-DP,0.0047833994030952
Pareto-DP,0.0035806051455438
Pareto-DP,0.0721191056072712
Pareto-DP,0.0457080053165555
Pareto-DP,0.0319320717826485
Pareto-DP,0.003705218899995
Pareto-DP,0.0060111279599368
Pareto-DP,0.0036445166915655
Pareto-DP,0.0271450690925121
Pareto-DP,0.5499301543459296
Pareto-DP,0.0037177894264459
Pareto-DP,0.0081133656203746
Pareto-DP,0.024056851863861
Pareto-DP,0.0641279579140245
Pareto-DP,0.0095979771576821
Pareto-DP,0.0155930626206099
Pareto-DP,0.3793511558324098
Pareto-DP,0.0085292579606175
Pareto-DP,0.0060760267078876
Pareto-DP,0.0037732040509581
Pareto-DP,0.007796857971698
Pareto-DP,0.004551937803626
Pareto-DP,0.0091021540574729
Pareto-DP,0.003686973825097
Pareto-DP,0.0038069845177233
Pareto-DP,0.0126032209955155
Pareto-DP,0.0050218012183904
Pareto-DP,0.0355997388251125
Pareto-DP,0.0143788852728903
Pareto-DP,0.0074820700101554
Pareto-DP,0.0107010030187666
Pareto-DP,0.007328771520406
Pareto-DP,0.0123369181528687
Pareto-DP,0.0036445539444684
Pareto-DP,0.0036542196758091
Pareto-DP,0.0037508602254092
Pareto-DP,0.0036158300936222
Pareto-DP,0.0048349490389227
Pareto-DP,0.0061990045942366
Pareto-DP,0.1139733823947608
Pareto-DP,0.0154783660545945
Pareto-DP,0.005557669326663
Pareto-DP,0.0631938935257494
Pareto-DP,0.0092128124088048
Pareto-DP,0.0034397947601974
Pareto-DP,0.0232698624022305
Pareto-DP,0.0339545425958931
Pareto-DP,0.0040978710167109
Pareto-DP,0.0606304151006042
Pareto-DP,0.0074723805300891
Pareto-DP,0.1004049344919622
Pareto-DP,0.0036586332134902
Pareto-DP,0.0038565932773053
Pareto-DP,0.0024426304735243
Pareto-DP,0.0064452709630131
Pareto-DP,0.2217576946131885
Pareto-DP,0.1959723113104701
Pareto-DP,0.0037555429153144
Pareto-DP,0.0038040201179683
Pareto-DP,0.0073111969977617
Pareto-DP,0.0236990409903228
Pareto-DP,0.0023942068219184
Pareto-DP,0.0071930438280105
Pareto-DP,0.0191265679895877
Pareto-DP,0.0364218489266932
Pareto-DP,0.0119750085286796
Pareto-DP,0.0364737403579056
Pareto-DP,0.0037153693847358
Pareto-DP,0.0108571951277554
Pareto-DP,0.0036604590713977
Pareto-DP,0.0134485135786235
Pareto-DP,0.0049016885459423
Pareto-DP,0.0037731532938778
Pareto-DP,0.0037639131769537
Pareto-DP,0.0036764810793101
Pareto-DP,0.0084917657077312
Pareto-DP,0.0048961271531879
