method,k,median,reached
PACS,1,0.005220035789534399,1.0
PACS,5,0.0052213356830179,0.99
PACS,10,0.005221796920523,0.98
PACS,20,0.00525159528478975,0.8
PACS,50,0.00645784265361725,0.34
PTS,1,0.00290417089127,0.98
PTS,5,0.0081775127910077,0.95
PTS,10,0.01498237461782985,0.9
PTS,20,0.033634671010077,0.77
PTS,50,0.143833075184375,0.33
eps-ILP g=4,1,0.01108512864448125,1.0
eps-ILP g=4,5,0.10240304144099349,0.68
eps-ILP g=4,10,0.2214553481899202,0.01
eps-ILP g=4,20,,0.0
eps-ILP g=4,50,,0.0
eps-ILP g=16,1,0.0111745041795074,1.0
eps-ILP g=16,5,0.0962447812780737,0.99
eps-ILP g=16,10,1.4011753653176129,0.95
eps-ILP g=16,20,2.221366013865918,0.66
eps-ILP g=16,50,4.869127056095749,0.11
PBS-unbounded,1,0.0052117330487817005,1.0
PBS-unbounded,5,0.0052264658734202,0.99
PBS-unbounded,10,0.0052352785132825,0.98
PBS-unbounded,20,0.0055146282538771005,0.88
PBS-unbounded,50,0.0093195452354848,0.54
Pareto-DP,1,0.00652821455150835,1.0
Pareto-DP,5,0.0065612257458269,0.99
Pareto-DP,10,0.0070530627854168,0.98
Pareto-DP,20,0.008739572716876799,0.88
Pareto-DP,50,0.02265221043489865,0.54
