setting,n,method,tier,n_requested,n_feasible,n_metric,n_returned,n_failure,n_timeout,n_timed,recall_median,recall_mean,hv_median,total_s_median,method_wall_s_median,retrieval_s_median,n_candidates_median
airbnb_gs2,2,PACS,100.0,100,100,100,100,0,0,100,1.0,1.0,1.0,0.0016062061768025,0.0002213190309703,0.0013608299195766,82.5
airbnb_gs2,2,PACS,200.0,100,100,100,100,0,0,100,1.0,1.0,1.0,0.0015988852828740501,0.00021902192384,0.0013608299195766,82.5
airbnb_gs2,2,PACS,400.0,100,100,100,100,0,0,100,1.0,1.0,1.0,0.00158845260739325,0.00021472643129525,0.0013608299195766,82.5
airbnb_gs2,2,PACS,800.0,100,100,100,100,0,0,100,1.0,1.0,1.0,0.0015910151414572499,0.00021437485702330001,0.0013608299195766,82.5
airbnb_gs2,2,PACS,1600.0,100,100,100,100,0,0,100,1.0,1.0,1.0,0.00159111525863405,0.00021910481154915,0.0013608299195766,82.5
airbnb_gs4,4,PACS,100.0,100,100,100,100,0,0,100,1.0,0.7579963336934391,1.0,0.005618099588900751,0.0034316272940486,0.0021834059152752,888.0
airbnb_gs4,4,PACS,200.0,100,100,100,100,0,0,100,1.0,0.9038591106258481,1.0,0.00565586006268855,0.0034488395322114,0.0021834059152752,888.0
airbnb_gs4,4,PACS,400.0,100,100,100,100,0,0,100,1.0,0.9922377092306749,1.0,0.0056685984600334995,0.00349512347020205,0.0021834059152752,888.0
airbnb_gs4,4,PACS,800.0,100,100,100,100,0,0,100,1.0,1.0,1.0,0.0056473931763321005,0.0034134702291339,0.0021834059152752,888.0
airbnb_gs4,4,PACS,1600.0,100,100,100,100,0,0,100,1.0,1.0,1.0,0.00564577360637485,0.0034517967142164,0.0021834059152752,888.0
airbnb_gs6,6,PACS,100.0,100,100,100,100,0,0,100,0.16902919266103344,0.29632257344601604,0.783945800565798,0.0223158826120197,0.018816133495420148,0.00376693089492615,2486.0
airbnb_gs6,6,PACS,200.0,100,100,100,100,0,0,100,0.42050274941084054,0.5089404995353312,0.906755365287413,0.0305666418280452,0.02604324487037955,0.00376693089492615,2486.0
airbnb_gs6,6,PACS,400.0,100,100,100,100,0,0,100,0.8732785756443046,0.7007646731219769,0.9968115602782398,0.038636730518192,0.03306437726132565,0.00376693089492615,2486.0
airbnb_gs6,6,PACS,800.0,100,100,100,100,0,0,100,1.0,0.8784655213953539,1.0,0.0407314600888639,0.03541620145551855,0.00376693089492615,2486.0
airbnb_gs6,6,PACS,1600.0,100,100,100,100,0,0,100,1.0,0.9799251502816585,1.0,0.038544284179806654,0.03379404800944025,0.00376693089492615,2486.0
airbnb_gs8,8,PACS,100.0,100,100,100,97,0,0,100,0.054768330713522245,0.14568030730937448,0.6492757533910505,0.0362425805069506,0.030471643200144102,0.00535092712379985,4171.5
airbnb_gs8,8,PACS,200.0,100,100,100,100,0,0,100,0.16121571083395508,0.2919171265385906,0.7897617412827831,0.060838531469926196,0.054837462957948405,0.00535092712379985,4171.5
airbnb_gs8,8,PACS,400.0,100,100,100,100,0,0,100,0.38780438006404605,0.48124797679396103,0.8713945685630982,0.09768317732959986,0.0904021945316344,0.00535092712379985,4171.5
airbnb_gs8,8,PACS,800.0,100,100,100,100,0,0,100,0.8852962663523636,0.7303671380316387,0.9965019355437414,0.1186298432294279,0.11206494015641505,0.00535092712379985,4171.5
airbnb_gs8,8,PACS,1600.0,100,100,100,100,0,0,100,1.0,0.9045741247496902,1.0,0.1206696887966245,0.11544230859726665,0.00535092712379985,4171.5
airbnb_gs2,2,PTS,500.0,100,100,100,100,0,0,100,1.0,0.9980952380952381,1.0,0.0017065878491848,0.0003412140067666,0.0013088234700262,82.5
airbnb_gs2,2,PTS,1000.0,100,100,100,100,0,0,100,1.0,0.9980952380952381,1.0,0.0017034232150763,0.00031884666532275003,0.0013088234700262,82.5
airbnb_gs2,2,PTS,2000.0,100,100,100,100,0,0,100,1.0,0.9980952380952381,1.0,0.0016870354302227,0.000324634136632,0.0013088234700262,82.5
airbnb_gs2,2,PTS,4000.0,100,100,100,100,0,0,100,1.0,0.9980952380952381,1.0,0.001683885930106,0.0003178480546921,0.0013088234700262,82.5
airbnb_gs2,2,PTS,8000.0,100,100,100,100,0,0,100,1.0,0.9980952380952381,1.0,0.0017060772515833,0.00031882291659705,0.0013088234700262,82.5
airbnb_gs4,4,PTS,500.0,100,100,100,100,0,0,100,1.0,0.8026955140709475,1.0,0.00852660741657015,0.0058473432436585,0.0021239628549665,888.0
airbnb_gs4,4,PTS,1000.0,100,100,100,100,0,0,100,1.0,0.9083626401038865,1.0,0.00852870196104045,0.00605990807525805,0.0021239628549665,888.0
airbnb_gs4,4,PTS,2000.0,100,100,100,100,0,0,100,1.0,0.985072578314767,1.0,0.008649256080389,0.006057748571038199,0.0021239628549665,888.0
airbnb_gs4,4,PTS,4000.0,100,100,100,100,0,0,100,1.0,0.9970166602092212,1.0,0.0087142365518957,0.00603479053825135,0.0021239628549665,888.0
airbnb_gs4,4,PTS,8000.0,100,100,100,100,0,0,100,1.0,0.9970166602092212,1.0,0.00896918261423705,0.0059827789664268,0.0021239628549665,888.0
airbnb_gs6,6,PTS,500.0,100,100,100,100,0,0,100,0.03108974358974355,0.21291784268057973,0.5893030508267758,0.0165505313780158,0.012508952291682349,0.0037978715263307,2486.0
airbnb_gs6,6,PTS,1000.0,100,100,100,100,0,0,100,0.12403297647886215,0.34702979697148445,0.750090865991351,0.029694992583245,0.0254959950689226,0.0037978715263307,2486.0
airbnb_gs6,6,PTS,2000.0,100,100,100,100,0,0,100,0.5124378109452736,0.5385562904073995,0.9541194777681012,0.0626375740393996,0.05731649301014835,0.0037978715263307,2486.0
airbnb_gs6,6,PTS,4000.0,100,100,100,100,0,0,100,1.0,0.728248236829445,1.0,0.12172935158014289,0.11567232664674515,0.0037978715263307,2486.0
airbnb_gs6,6,PTS,8000.0,100,100,100,100,0,0,100,1.0,0.889875645919044,1.0,0.1234864396974444,0.11717186355963345,0.0037978715263307,2486.0
airbnb_gs8,8,PTS,500.0,100,100,100,100,0,0,100,0.0,0.053182694811891924,0.25514856986609435,0.0189415186177939,0.013749485835433,0.00523459608666595,4171.5
airbnb_gs8,8,PTS,1000.0,100,100,100,100,0,0,100,0.0,0.1117893478536635,0.36731194123813304,0.031801623757928596,0.026274514617398298,0.00523459608666595,4171.5
airbnb_gs8,8,PTS,2000.0,100,100,100,100,0,0,100,0.00521903323262835,0.18556816134093185,0.512296384328512,0.06367280031554395,0.05734720779582855,0.00523459608666595,4171.5
airbnb_gs8,8,PTS,4000.0,100,100,100,100,0,0,100,0.07918053629218674,0.2964189456315341,0.6891455116923166,0.1431894886773079,0.1357445381581783,0.00523459608666595,4171.5
airbnb_gs8,8,PTS,8000.0,100,100,100,100,0,0,100,0.31701333031535206,0.4868132956273809,0.9137244685773771,0.3701320190448314,0.3630223877262324,0.00523459608666595,4171.5
