setting,method,n_requested,n_feasible,n_metric,n_returned,n_failure,n_timeout,n_timed,recall_median,recall_mean,hv_median,total_s_median,method_wall_s_median,retrieval_s_median,n_candidates_median
airbnb_lad29k,PACS unbounded,100,100,100,100,0,0,100,1.0,1.0,1.0,0.00585927953943605,0.00453098258003585,0.0008685244247317,310.5
airbnb_lad29k,PACS,100,100,100,100,0,0,100,0.6820883949340915,0.6213632108419948,0.9815754765300735,0.005303619895130351,0.00428862217813725,0.0008685244247317,310.5
airbnb_lad29k,eps-ILP g=8,100,100,100,100,0,0,100,0.10683184739788505,0.17217472090497982,0.8228759926142201,0.6013722845818847,0.6003526651766151,0.0008685244247317,310.5
airbnb_lad58k,PACS unbounded,100,100,100,100,0,0,100,1.0,1.0,1.0,0.01958069065585725,0.01862842566333705,0.00110655068419865,599.0
airbnb_lad58k,PACS,100,100,100,100,0,0,100,0.18581943220892888,0.37669091110481095,0.8321389772460361,0.0121226422488689,0.0107879103161394,0.00110655068419865,599.0
airbnb_lad58k,eps-ILP g=8,100,100,100,100,0,0,100,0.051749271137026195,0.09693896529364325,0.7847342199928982,1.0161324513610452,1.015018348582089,0.00110655068419865,599.0
airbnb_lad58k_recal,PACS unbounded,100,100,100,100,0,0,100,1.0,1.0,1.0,0.0088033422362059,0.00759320845827455,0.00109559739939865,583.0
airbnb_lad58k_recal,PACS,100,100,100,100,0,0,100,0.5005507955936352,0.5447282470277549,0.9015034042674392,0.0074651392642408,0.0064041074365377,0.00109559739939865,583.0
airbnb_lad58k_recal,eps-ILP g=8,100,100,100,100,0,0,100,0.0729813945904817,0.1364746356931253,0.7947526475653558,0.9363118424080312,0.9351923794019967,0.00109559739939865,583.0
airbnb_lad115k,PACS unbounded,100,100,100,100,0,0,100,1.0,1.0,1.0,0.0467200535349547,0.0440202995669096,0.0018769840244203,1195.0
airbnb_lad115k,PACS,100,100,100,100,0,0,100,0.08144963342049949,0.2168990784178754,0.7886907676670593,0.01897702366113655,0.016621197573840597,0.0018769840244203,1195.0
airbnb_lad115k_recal,PACS unbounded,100,100,100,100,0,0,100,1.0,1.0,1.0,0.01320229214616115,0.01156039000488815,0.0017552596982568,961.0
airbnb_lad115k_recal,PACS,100,100,100,100,0,0,100,0.4489664082687338,0.5114156473314035,0.907174741918394,0.01161909499205645,0.009758387925103251,0.0017552596982568,961.0
airbnb_lad231k,PACS unbounded,100,100,100,100,0,0,100,1.0,1.0,1.0,0.12669698731042445,0.11929076048545535,0.00358258490450675,2366.5
airbnb_lad231k,PACS,100,100,100,100,0,0,100,0.0589915548931942,0.14564989797513558,0.8124766072919125,0.0305591712240129,0.0258501004427671,0.00358258490450675,2366.5
airbnb_lad231k_recal,PACS unbounded,100,100,100,100,0,0,100,1.0,1.0,1.0,0.020964224589988548,0.01771629508584735,0.0031574361491948,1641.0
airbnb_lad231k_recal,PACS,100,100,100,100,0,0,100,0.36964728420103676,0.4971126066274711,0.8990866476451843,0.01699345605447885,0.0134834975469857,0.0031574361491948,1641.0
airbnb_lad29k,PTS,100,100,100,100,0,0,100,0.7499075101738809,0.5763896419857059,0.9868003439529935,0.009440524037927299,0.008801017422229,0.0006250394508242,310.5
airbnb_lad29k,PTS uncapped,100,100,100,100,0,0,100,0.7499075101738809,0.5763896419857059,0.9868003439529935,0.009457488544285249,0.00888376310467715,0.0006250394508242,310.5
airbnb_lad58k,PTS,100,100,100,100,0,0,100,0.07689342403628116,0.37230450464938847,0.7580714143287812,0.0106765746604651,0.009559948230162249,0.0010953159071504502,599.0
airbnb_lad58k,PTS uncapped,100,100,100,100,0,0,100,0.07689342403628116,0.37230450464938847,0.7580714143287812,0.01078284205868835,0.0096418999601155,0.0010953159071504502,599.0
airbnb_lad58k_recal,PTS,100,100,100,100,0,0,100,0.3751663938897981,0.4784610070073978,0.8589302813579928,0.01050963345915075,0.00937926932238035,0.0011001755483448,583.0
airbnb_lad58k_recal,PTS uncapped,100,100,100,100,0,0,100,0.3751663938897981,0.4784610070073978,0.8589302813579928,0.0106641459278762,0.0094625130295753,0.0011001755483448,583.0
airbnb_lad115k,PTS,100,100,100,100,0,0,100,0.038246023639282,0.2615014939627171,0.6750284650562521,0.01299885031767185,0.0111601070966571,0.0018506371416150999,1195.0
airbnb_lad115k,PTS uncapped,100,100,100,100,0,0,100,0.038246023639282,0.2615014939627171,0.6750284650562521,0.0131498810369521,0.0113087282516062,0.0018506371416150999,1195.0
airbnb_lad115k_recal,PTS,100,100,100,100,0,0,100,0.2560248940677966,0.4436483761871838,0.7564189067391318,0.011661563999950851,0.00984781095758075,0.0017585952300578,961.0
airbnb_lad115k_recal,PTS uncapped,100,100,100,100,0,0,100,0.2560248940677966,0.4436483761871838,0.7564189067391318,0.01172079844400285,0.0099873365834355,0.0017585952300578,961.0
airbnb_lad231k,PTS,100,100,100,100,0,0,100,0.0,0.21040227787124766,0.5762956008375396,0.01692662970162925,0.01350987749174235,0.0036570432130247,2366.5
airbnb_lad231k,PTS uncapped,100,100,100,100,0,0,100,0.0,0.2106554424282097,0.5762956008375396,0.0170012535527348,0.01357057085260745,0.0036570432130247,2366.5
airbnb_lad231k_recal,PTS,100,100,100,100,0,0,100,0.21300062578222775,0.4202221068616518,0.8035620186632267,0.0139470032881945,0.01100939838215705,0.00306944386102255,1641.0
airbnb_lad231k_recal,PTS uncapped,100,100,100,100,0,0,100,0.21300062578222775,0.4212990299385748,0.8035620186632267,0.01415508892387145,0.0111208232119679,0.00306944386102255,1641.0
airbnb_lad231k_recal,PTS k=10,100,100,100,41,0,0,100,0.0,0.1017329767240423,0.0,0.00527267437428235,0.00203949934802945,0.00306944386102255,1641.0
airbnb_lad231k_recal,PTS k=25,100,100,100,100,0,0,100,0.2669144469681327,0.39567488609258383,0.781341832333237,0.013773111393675149,0.01057130401022725,0.00306944386102255,1641.0
airbnb_lad231k_recal,PTS k=100,100,100,100,100,0,0,100,0.21300062578222775,0.4212990299385748,0.8035620186632267,0.01415297947823995,0.01107091363519425,0.00306944386102255,1641.0
airbnb_lad29k,Pareto-DP,100,100,100,100,0,0,100,1.0,1.0,1.0,0.010875246953219151,0.010313854552805351,0.0006180044729262499,310.5
airbnb_lad58k_recal,Pareto-DP,100,100,100,100,0,0,100,1.0,1.0,1.0,0.023769185412675052,0.02263407292775805,0.0010638672392814501,583.0
airbnb_lad115k_recal,Pareto-DP,100,100,100,100,0,0,100,1.0,1.0,1.0,0.047751116100698696,0.04439819930121295,0.00163300894200795,961.0
airbnb_lad231k_recal,Pareto-DP,100,100,100,100,0,0,100,1.0,1.0,1.0,0.08423793013207609,0.08131515514105556,0.00306739774532615,1641.0
