sweep,setting,param,method,n_requested,n_feasible,n_metric,n_returned,n_failure,n_timeout,n_timed,recall_median,recall_mean,hv_median,total_s_median,method_wall_s_median,retrieval_s_median,n_candidates_median
catalog,e11_cat10k,10.0,PACS,100,100,100,100,0,0,100,1.0,0.7272764491809105,1.0,0.0031889553647488,0.0020783657673746,0.00095994793809945,160.0
catalog,e11_cat10k,10.0,eps-ILP g=8,100,100,100,100,0,0,100,0.22211564812277335,0.2665306891178739,0.8698650255492648,0.5242555525619537,0.5119933779351413,0.00095994793809945,160.0
catalog,e11_cat15k,15.0,PACS,100,100,100,100,0,0,100,0.6455128205128206,0.6114896795229144,0.9674134689173782,0.0047537900973111,0.0034561271313576997,0.00123125989921385,239.0
catalog,e11_cat15k,15.0,eps-ILP g=8,100,100,100,100,0,0,100,0.19773830820342445,0.23243932698600475,0.8648662622778107,0.6934454333968461,0.6921255115885288,0.00123125989921385,239.0
catalog,e11_cat20k,20.0,PACS,100,100,100,100,0,0,100,0.4753688422105526,0.5530018136646262,0.9267297549038755,0.00591815519146615,0.0041196774691343,0.00151216844096775,305.5
catalog,e11_cat20k,20.0,eps-ILP g=8,100,100,100,100,0,0,100,0.1704176997901964,0.20216164512799822,0.8365802695842461,0.7949404111132026,0.7934546177275479,0.00151216844096775,305.5
catalog,e11_cat25k,25.0,PACS,100,100,100,100,0,0,100,0.3455043859649123,0.4965447389278277,0.895806485675018,0.00673043541610235,0.0046347184106707,0.00176389398984605,364.5
catalog,e11_cat25k,25.0,eps-ILP g=8,100,100,100,100,0,0,100,0.17785483125288945,0.20234917375186887,0.819439260532477,0.8725250500719994,0.8707940506283194,0.00176389398984605,364.5
catalog,e11_cat30k,30.0,PACS,100,100,100,100,0,0,100,0.2916666666666667,0.4695629833225077,0.8920508255926283,0.007336965529248051,0.0045728164259344,0.00202700658701355,435.0
catalog,e11_cat30k,30.0,eps-ILP g=8,100,100,100,100,0,0,100,0.1724137931034483,0.18875418264923421,0.8068791277683631,0.9878226974979043,0.9859049164224416,0.00202700658701355,435.0
length,e11_gs2,2.0,PACS,100,100,100,100,0,0,100,1.0,1.0,1.0,0.00093632237985725,0.0001379114110022,0.0007862111087888,36.0
length,e11_gs2,2.0,eps-ILP g=8,100,100,100,100,0,0,100,0.7386363636363636,0.7391164312142098,0.9840877521809278,0.22187604242935777,0.22106117801740766,0.0007862111087888,36.0
length,e11_gs4,4.0,PACS,100,100,100,100,0,0,100,1.0,0.9342473737313794,1.0,0.0020078129600733,0.00105753913521765,0.00093027041293675,162.0
length,e11_gs4,4.0,eps-ILP g=8,100,100,100,100,0,0,100,0.2846481876332623,0.3232765949328746,0.8805235013257687,0.4706648855935782,0.4697369486093521,0.00093027041293675,162.0
length,e11_gs6,6.0,PACS,100,100,100,100,0,0,100,0.4820501241815308,0.553818667415085,0.9160463822717374,0.0063308530952781005,0.005128682591021,0.0010539663489907,276.0
length,e11_gs6,6.0,eps-ILP g=8,100,100,100,100,0,0,100,0.1199633699633699,0.13941865523057193,0.8124362776876091,0.7045601955614984,0.7035411666147411,0.0010539663489907,276.0
length,e11_gs8,8.0,PACS,100,100,100,100,0,0,100,0.1617916127930521,0.2311718106193145,0.7516363531120687,0.0126899646129459,0.011562517611309851,0.0012030648067593,390.5
length,e11_gs8,8.0,eps-ILP g=8,100,100,100,100,0,0,100,0.0543829677798596,0.060643753115823,0.7561693979265258,1.012644493021071,1.011445856653154,0.0012030648067593,390.5
catalog,e11_cat10k,10.0,PTS,100,100,100,100,0,0,100,1.0,0.7836954010855144,1.0,0.00703574134968215,0.0061719182413071,0.00092905107885595,160.0
catalog,e11_cat15k,15.0,PTS,100,100,100,100,0,0,100,1.0,0.6877334464971488,1.0,0.009229778312146601,0.007819932652637349,0.00120552210137245,239.0
catalog,e11_cat20k,20.0,PTS,100,100,100,100,0,0,100,0.9011363636363636,0.6430967407551498,0.9971634352569894,0.00988940685056145,0.00832094904035325,0.0014675869606435,305.5
catalog,e11_cat25k,25.0,PTS,100,100,100,100,0,0,100,0.862987987987988,0.6239095142171742,0.9900802930295844,0.010705848922953,0.008883151458576249,0.00172203080728645,364.5
catalog,e11_cat30k,30.0,PTS,100,100,100,100,0,0,100,0.7667270750271837,0.5948751023279223,0.9860028237275489,0.010800345102325,0.008641732623800549,0.0019835124257951498,435.0
length,e11_gs2,2.0,PTS,100,100,100,100,0,0,100,1.0,1.0,1.0,0.00104785501025615,0.0002789439167827,0.00075679039582605,36.0
length,e11_gs4,4.0,PTS,100,100,100,100,0,0,100,1.0,0.981932320712639,1.0,0.0033325108233838996,0.00245050643570715,0.0009080916643142,162.0
length,e11_gs6,6.0,PTS,100,100,100,100,0,0,100,0.3984478290761013,0.4770735176291631,0.887053584475239,0.00994982384145255,0.0088700647465884,0.0010277493856846501,276.0
length,e11_gs8,8.0,PTS,100,100,100,100,0,0,100,0.02061095505617975,0.09331282699301419,0.5583620288976197,0.0109278585296124,0.00975005049258465,0.0011617946438490499,390.5
