method,rule,param,k,median,n
PACS,raw_cost,50,2.0,1.0,1
PACS,raw_cost,50,3.0,1.0,1
PACS,raw_cost,50,4.0,1.0,1
PACS,raw_cost,50,5.0,0.6666666666666666,1
PACS,raw_cost,50,6.0,0.4285714285714285,1
PACS,raw_cost,50,7.0,0.375,1
PACS,raw_cost,50,8.0,0.3333333333333333,1
PACS,overage,50,2.0,0.0,1
PACS,overage,50,3.0,0.0,1
PACS,overage,50,4.0,0.0,1
PACS,overage,50,5.0,0.0,1
PACS,overage,50,6.0,0.0,1
PACS,overage,50,7.0,0.0,1
PACS,overage,50,8.0,0.0,1
PTS,raw_cost,100,2.0,1.0,1
PTS,raw_cost,100,3.0,1.0,1
PTS,raw_cost,100,4.0,1.0,1
PTS,raw_cost,100,5.0,1.0,1
PTS,raw_cost,100,6.0,0.4285714285714285,1
PTS,raw_cost,100,7.0,0.0,1
PTS,raw_cost,100,8.0,0.0,1
