rule,beam,median,q25,q75,n_requested,n_metric,n_failure
raw_cost,1,0.0,0.0,0.012292358803986624,100,100,0
raw_cost,5,0.04825581395348835,0.011505891016200274,0.16964285714285707,100,100,0
raw_cost,20,0.30474095796676437,0.15181238121096927,0.7208994708994709,100,100,0
raw_cost,50,0.7557109557109557,0.40651498021481064,1.0,100,100,0
raw_cost,200,1.0,1.0,1.0,100,100,0
raw_cost,1000,1.0,1.0,1.0,100,100,0
raw_cost,5000,1.0,1.0,1.0,100,100,0
overage,1,0.0,0.0,0.012292358803986624,100,100,0
overage,5,0.018824771287825448,0.0,0.08602484472049687,100,100,0
overage,20,0.060661764705882346,0.0,0.1928571428571428,100,100,0
overage,50,0.08131868131868131,0.0,0.25,100,100,0
overage,200,0.09285714285714286,0.0,0.2614141478282956,100,100,0
overage,1000,0.09285714285714286,0.0,0.2614141478282956,100,100,0
overage,5000,0.09285714285714286,0.0,0.2614141478282956,100,100,0
