weights,method,n,n_query_feasible,n_metric,n_returned_metric,n_feasible,n_no_assignment,n_solver_failure,n_solver_timeout,n_reference_timeout,optimal_fraction,median_gap,worst_gap,n_timed,method_ms_median,method_ms_p90,total_ms_median,total_ms_p90
1.00/0.00/0.00,ILP,100.0,100.0,100.0,100.0,100.0,0.0,0.0,0.0,0.0,1.0,0.0,0.0,100.0,0.24538114666935,0.5652192514389001,1.180792460218,1.9322108477353204
1.00/0.00/0.00,PBS,100.0,100.0,100.0,100.0,100.0,0.0,0.0,0.0,0.0,1.0,0.0,0.0,100.0,0.2894366625696,1.0710605420171901,1.24175031669435,2.4484350811689506
1.00/0.00/0.00,PTS,100.0,100.0,100.0,100.0,100.0,0.0,0.0,0.0,0.0,1.0,0.0,0.0,100.0,0.35715615376825005,1.0026078671216503,1.2891970109194002,2.37997751682991
1.00/0.00/0.00,PBS-noLP,100.0,100.0,100.0,100.0,100.0,0.0,0.0,0.0,0.0,1.0,0.0,0.0,100.0,2.1041298750787503,7.009419938549393,3.14538972452275,8.585185743868319
1.00/0.00/0.00,PTS-noLP,100.0,100.0,100.0,100.0,100.0,0.0,0.0,0.0,0.0,0.9,0.0,0.0104152152495813,100.0,3.82666615769265,6.9008700083941035,4.8267121892422,8.78420621156688
0.00/1.00/0.00,ILP,100.0,100.0,100.0,100.0,100.0,0.0,0.0,0.0,0.0,1.0,0.0,0.0,100.0,0.1308228820562,0.31264135614035,1.06507632881395,1.6168721485882906
0.00/1.00/0.00,PBS,100.0,100.0,100.0,100.0,100.0,0.0,0.0,0.0,0.0,1.0,0.0,0.0,100.0,0.24622143246225,0.5197571590542702,1.18766073137515,1.92040931433434
0.00/1.00/0.00,PTS,100.0,100.0,100.0,100.0,100.0,0.0,0.0,0.0,0.0,1.0,0.0,0.0,100.0,0.26045739650719996,0.56908819824455,1.2186325620859502,1.93760404363269
0.00/1.00/0.00,PBS-noLP,100.0,100.0,100.0,100.0,100.0,0.0,0.0,0.0,0.0,1.0,0.0,0.0,100.0,2.0049179438500997,7.685172511264622,3.0455221422016,9.046817896887642
0.00/1.00/0.00,PTS-noLP,100.0,100.0,100.0,100.0,100.0,0.0,0.0,0.0,0.0,1.0,0.0,0.0,100.0,4.4616609811782,6.681831041350903,5.45223802328105,8.233019057661272
0.00/0.00/1.00,ILP,100.0,100.0,100.0,100.0,100.0,0.0,0.0,0.0,0.0,1.0,0.0,0.0,100.0,0.20678550936275003,0.4131820052862,1.15119223482905,1.7705569509416605
0.00/0.00/1.00,PBS,100.0,100.0,100.0,100.0,100.0,0.0,0.0,0.0,0.0,1.0,0.0,0.0,100.0,0.2859085798263,0.9680063463746602,1.2470956426113502,2.1671667229383713
0.00/0.00/1.00,PTS,100.0,100.0,100.0,100.0,100.0,0.0,0.0,0.0,0.0,1.0,0.0,0.0,100.0,0.35217404365535,0.9350013919173813,1.30160525441165,2.221140824258261
0.00/0.00/1.00,PBS-noLP,100.0,100.0,100.0,100.0,100.0,0.0,0.0,0.0,0.0,1.0,0.0,0.0,100.0,2.04297527670855,7.548530632629981,3.0308265704661,8.964865747839122
0.00/0.00/1.00,PTS-noLP,100.0,100.0,100.0,100.0,100.0,0.0,0.0,0.0,0.0,0.95,0.0,0.0155844155844155,100.0,4.02934383600945,7.151757413521351,5.0600743852555,8.723094873130295
0.50/0.50/0.00,ILP,100.0,100.0,100.0,100.0,100.0,0.0,0.0,0.0,0.0,1.0,0.0,0.0,100.0,0.26516988873475,0.7920030970126309,1.2445021420717002,2.23005739971987
0.50/0.50/0.00,PBS,100.0,100.0,100.0,100.0,100.0,0.0,0.0,0.0,0.0,1.0,0.0,0.0,100.0,0.459951814264,1.4373514335602007,1.41298677772275,2.5843534152954013
0.50/0.50/0.00,PTS,100.0,100.0,100.0,100.0,100.0,0.0,0.0,0.0,0.0,1.0,0.0,0.0,100.0,0.6495325360447001,2.8203370515256716,1.6770192887633502,4.0632381103932005
0.50/0.50/0.00,PBS-noLP,100.0,100.0,100.0,100.0,100.0,0.0,0.0,0.0,0.0,1.0,0.0,0.0,100.0,2.0193816162645,7.838989794254252,3.0522118322550997,9.199464460834772
0.50/0.50/0.00,PTS-noLP,100.0,100.0,100.0,100.0,100.0,0.0,0.0,0.0,0.0,0.78,0.0,0.6708843385042941,100.0,3.7597250193357,6.33939928375183,4.8697497695684,7.901635859161581
0.50/0.00/0.50,ILP,100.0,100.0,100.0,100.0,100.0,0.0,0.0,0.0,0.0,1.0,0.0,0.0,100.0,0.2490887418389,0.5259650293737401,1.17059540934855,1.8639579415320602
0.50/0.00/0.50,PBS,100.0,100.0,100.0,100.0,100.0,0.0,0.0,0.0,0.0,1.0,0.0,0.0,100.0,0.3643545787781,1.9244334194808645,1.3083808589726,3.3423184417187706
0.50/0.00/0.50,PTS,100.0,100.0,100.0,100.0,100.0,0.0,0.0,0.0,0.0,1.0,0.0,0.0,100.0,0.40936097502705,1.19646275416014,1.35093322023745,2.3658799007534808
0.50/0.00/0.50,PBS-noLP,100.0,100.0,100.0,100.0,100.0,0.0,0.0,0.0,0.0,1.0,0.0,0.0,100.0,2.08388525061305,7.188963703811151,3.10861994512375,8.588071353733534
0.50/0.00/0.50,PTS-noLP,100.0,100.0,100.0,100.0,100.0,0.0,0.0,0.0,0.0,0.87,0.0,0.017242010212943,100.0,3.47839156165715,6.278009479865341,4.678316414356201,7.574550062417973
0.00/0.50/0.50,ILP,100.0,100.0,100.0,100.0,100.0,0.0,0.0,0.0,0.0,1.0,0.0,0.0,100.0,0.23657502606505001,0.55777048692104,1.1863894760608,1.78819866850972
0.00/0.50/0.50,PBS,100.0,100.0,100.0,100.0,100.0,0.0,0.0,0.0,0.0,1.0,0.0,0.0,100.0,0.38666604086755,0.9407017379998502,1.35259958915405,2.24131876602766
0.00/0.50/0.50,PTS,100.0,100.0,100.0,100.0,100.0,0.0,0.0,0.0,0.0,1.0,0.0,0.0,100.0,0.5151857621967,1.6363867558538303,1.5074589755385501,2.8531594201921804
0.00/0.50/0.50,PBS-noLP,100.0,100.0,100.0,100.0,100.0,0.0,0.0,0.0,0.0,0.99,0.0,0.0174313990103467,100.0,2.09486857056615,8.010360412299603,3.0790467280894,9.598466055467641
0.00/0.50/0.50,PTS-noLP,100.0,100.0,100.0,100.0,100.0,0.0,0.0,0.0,0.0,0.83,0.0,0.7874398581919474,100.0,4.0074535645544,6.395451957359825,5.02606341615315,7.906973455101225
0.33/0.33/0.33,ILP,100.0,100.0,100.0,100.0,100.0,0.0,0.0,0.0,0.0,1.0,0.0,0.0,100.0,0.30687288381155003,0.8829138241708001,1.22784730046985,2.0206653047352305
0.33/0.33/0.33,PBS,100.0,100.0,100.0,100.0,100.0,0.0,0.0,0.0,0.0,1.0,0.0,0.0,100.0,0.4688701592385,1.527095725759781,1.3958024792372499,2.79073314741247
0.33/0.33/0.33,PTS,100.0,100.0,100.0,100.0,100.0,0.0,0.0,0.0,0.0,1.0,0.0,0.0,100.0,0.5897504743187999,1.9590685144066002,1.52898463420565,3.1122076325118404
0.33/0.33/0.33,PBS-noLP,100.0,100.0,100.0,100.0,100.0,0.0,0.0,0.0,0.0,0.99,0.0,0.0140374867628626,100.0,1.9717500545084,8.02259766496712,3.1382669694720997,9.252385701984101
0.33/0.33/0.33,PTS-noLP,100.0,100.0,100.0,100.0,100.0,0.0,0.0,0.0,0.0,0.79,0.0,0.4114871777558356,100.0,3.5097096115350497,6.114109465852298,4.6139014884829,8.053033147007184
