sweep,param,beta,method,n,n_metric,n_success,ratio_mean,ratio_min,certified,method_ms_median
default,0.8,0.8,ILP,100,100,100,1.0,1.0,1.0,0.33394503407175
default,0.8,0.8,ACS,100,100,100,1.0,1.0,1.0,0.274981604889
default,0.8,0.8,MCTS,100,100,100,1.0,1.0,1.0,0.43684104457495
beam,1,0.8,ILP,100,100,100,1.0,1.0,1.0,0.3129080869257
beam,1,0.8,ACS,100,100,100,0.9980116004880898,0.9704255752687398,0.28,0.2693014685064
beam,5,0.8,ILP,100,100,100,1.0,1.0,1.0,0.30195899307725
beam,5,0.8,ACS,100,100,100,0.9998769420385126,0.9946346805507136,0.68,0.27783727273340003
beam,20,0.8,ILP,100,100,100,1.0,1.0,1.0,0.30425889417525
beam,20,0.8,ACS,100,100,100,1.0,1.0,0.94,0.29359990730875
beam,50,0.8,ILP,100,100,100,1.0,1.0,1.0,0.30061206780370003
beam,50,0.8,ACS,100,100,100,1.0,1.0,1.0,0.27049588970835003
beam,100,0.8,ILP,100,100,100,1.0,1.0,1.0,0.30366540886455
beam,100,0.8,ACS,100,100,100,1.0,1.0,1.0,0.2696271985769
beam,200,0.8,ILP,100,100,100,1.0,1.0,1.0,0.303384149447
beam,200,0.8,ACS,100,100,100,1.0,1.0,1.0,0.26779784820965
budget,200,0.8,ILP,100,100,100,1.0,1.0,1.0,0.29613799415520003
budget,200,0.8,MCTS,100,100,100,1.0,1.0,1.0,0.45582605525845
budget,500,0.8,ILP,100,100,100,1.0,1.0,1.0,0.30275899916885
budget,500,0.8,MCTS,100,100,100,1.0,1.0,1.0,0.4610265605151
budget,1000,0.8,ILP,100,100,100,1.0,1.0,1.0,0.33690407872195005
budget,1000,0.8,MCTS,100,100,100,1.0,1.0,1.0,0.43765013106165
budget,2000,0.8,ILP,100,100,100,1.0,1.0,1.0,0.31007337383920003
budget,2000,0.8,MCTS,100,100,100,1.0,1.0,1.0,0.43011410161849994
budget,4000,0.8,ILP,100,100,100,1.0,1.0,1.0,0.30467147007580003
budget,4000,0.8,MCTS,100,100,100,1.0,1.0,1.0,0.4546709824353
budget,8000,0.8,ILP,100,100,100,1.0,1.0,1.0,0.31161005608729997
budget,8000,0.8,MCTS,100,100,100,1.0,1.0,1.0,0.44259382411834997
kappa,1,0.8,ILP,100,100,100,1.0,1.0,1.0,0.30848430469625004
kappa,1,0.8,MCTS,100,100,100,0.9956269312389534,0.9579601813884574,0.09,0.2718309406191
kappa,5,0.8,ILP,100,100,100,1.0,1.0,1.0,0.30509033240375
kappa,5,0.8,MCTS,100,100,100,0.9992438933444302,0.97905275966514,0.7,0.434253597632
kappa,20,0.8,ILP,100,100,100,1.0,1.0,1.0,0.30716252513225
kappa,20,0.8,MCTS,100,100,100,1.0,1.0,1.0,0.44835242442785
kappa,50,0.8,ILP,100,100,100,1.0,1.0,1.0,0.30692899599665
kappa,50,0.8,MCTS,100,100,100,1.0,1.0,1.0,0.43859798461195
kappa,100,0.8,ILP,100,100,100,1.0,1.0,1.0,0.30213361605995004
kappa,100,0.8,MCTS,100,100,100,1.0,1.0,1.0,0.450431369245
kappa,200,0.8,ILP,100,100,100,1.0,1.0,1.0,0.30016759410495
kappa,200,0.8,MCTS,100,100,100,1.0,1.0,1.0,0.43787993490695
kappa,0,0.8,ILP,100,100,100,1.0,1.0,1.0,0.30325050465755005
kappa,0,0.8,MCTS,100,100,100,1.0,1.0,1.0,0.4350375384092
weights,1.0/1.0/1.0,0.8,ILP,100,100,100,1.0,1.0,1.0,0.3048859070986
weights,1.0/1.0/1.0,0.8,ACS,100,100,100,1.0,1.0,1.0,0.29695150442414997
weights,1.0/1.0/1.0,0.8,MCTS,100,100,100,1.0,1.0,1.0,0.4316440317779
weights,1.0/2.0/1.0,0.8,ILP,100,100,100,1.0,1.0,1.0,0.31210645101959994
weights,1.0/2.0/1.0,0.8,ACS,100,100,100,1.0,1.0,1.0,0.27449731715014997
weights,1.0/2.0/1.0,0.8,MCTS,100,100,100,1.0,1.0,1.0,0.432708999142
weights,2.0/1.0/1.0,0.8,ILP,100,100,100,1.0,1.0,1.0,0.31966553069645
weights,2.0/1.0/1.0,0.8,ACS,100,100,100,1.0,1.0,1.0,0.27944659814235
weights,2.0/1.0/1.0,0.8,MCTS,100,100,100,1.0,1.0,1.0,0.4318743012845
weights,1.0/1.0/2.0,0.8,ILP,100,100,100,1.0,1.0,1.0,0.31328597106035
weights,1.0/1.0/2.0,0.8,ACS,100,100,100,1.0,1.0,1.0,0.29170606285330003
weights,1.0/1.0/2.0,0.8,MCTS,100,100,100,1.0,1.0,1.0,0.43855980038635
weights,1.0/0.5/1.0,0.8,ILP,100,100,100,1.0,1.0,1.0,0.31208922155195
weights,1.0/0.5/1.0,0.8,ACS,100,100,100,1.0,1.0,1.0,0.28345221653575
weights,1.0/0.5/1.0,0.8,MCTS,100,100,100,1.0,1.0,1.0,0.43393904343244993
beta,0.4,0.4,ILP,100,100,100,1.0,1.0,1.0,308.8337457738817
beta,0.4,0.4,ACS,100,100,100,0.9998921467413828,0.9940637068249604,0.9,296.23975744470954
beta,0.4,0.4,MCTS,100,100,100,0.9981037145868672,0.965858480344586,0.85,295.37069238722324
beta,0.5,0.5,ILP,100,100,100,1.0,1.0,1.0,128.68242687545717
beta,0.5,0.5,ACS,100,100,100,0.9998921467413828,0.9940637068249604,0.9,123.8037613220512
beta,0.5,0.5,MCTS,100,100,100,0.998101604700277,0.965858480344586,0.84,121.98624503798774
beta,0.6,0.6,ILP,100,100,100,1.0,1.0,1.0,16.36120583862065
beta,0.6,0.6,ACS,100,100,100,0.9998921467413828,0.9940637068249604,0.9,15.47953765839335
beta,0.6,0.6,MCTS,100,100,100,0.9988366531899356,0.9662277946215032,0.88,15.92168025672435
beta,0.7,0.7,ILP,100,100,100,1.0,1.0,1.0,1.9623129628598
beta,0.7,0.7,ACS,100,100,100,0.9999989100413238,0.9998910041323732,0.93,1.8091504462063
beta,0.7,0.7,MCTS,100,100,100,0.999818948859215,0.9925567272277293,0.94,2.17069010250265
