setting,catalog,grid,n_queries,returned,timeouts,sampling_interval_s,baseline_mb,sampled_peak_mb,increase_mb,source,source_sha256
e11_cat10k,110K,4,100,100,0,0.001,660.8046875,666.33984375,5.53515625,revision_memory_grids_20260916/e11_cat10k/mem_e11_cat10k.json,26d2f7eb62c2a9a5696befef3e80755d440745409683053890a75c32381c7a4d
e11_cat10k,110K,16,100,100,0,0.001,660.9453125,670.2265625,9.28125,revision_memory_grids_20260916/e11_cat10k/mem_e11_cat10k.json,26d2f7eb62c2a9a5696befef3e80755d440745409683053890a75c32381c7a4d
e11_cat30k,330K,4,100,100,0,0.001,700.16015625,708.6015625,8.44140625,revision_memory_grids_20260916/e11_cat30k/mem_e11_cat30k.json,c8a21004fe4e1ad6f9f1b5eca3114d27ec056625f2bb9f495c96532436580877
e11_cat30k,330K,16,100,100,0,0.001,700.1875,714.26953125,14.08203125,revision_memory_grids_20260916/e11_cat30k/mem_e11_cat30k.json,c8a21004fe4e1ad6f9f1b5eca3114d27ec056625f2bb9f495c96532436580877
e12_cat1m,1.1M,4,100,100,0,0.001,835.45703125,852.69921875,17.2421875,revision_memory_grids_20260916/e12_cat1m/mem_e12_cat1m.json,92c5bad1debd267dbbbb9854981dc55c71710288fd4237139fb9bb712c675cca
e12_cat1m,1.1M,16,100,100,7,0.001,835.42578125,862.078125,26.65234375,revision_memory_grids_20260916/e12_cat1m/mem_e12_cat1m.json,92c5bad1debd267dbbbb9854981dc55c71710288fd4237139fb9bb712c675cca
e12_cat2m,2.14M,4,100,100,0,0.001,1053.06640625,1082.58984375,29.5234375,revision_memory_grids_20260916/e12_cat2m/mem_e12_cat2m.json,9364d36d72625166aa577fa7594641a867440ffaaa138adb762744dea4598aa5
e12_cat2m,2.14M,16,100,100,19,0.001,1053.0,1096.90625,43.90625,revision_memory_grids_20260916/e12_cat2m/mem_e12_cat2m.json,9364d36d72625166aa577fa7594641a867440ffaaa138adb762744dea4598aa5
airbnb_12c,Airbnb 231K,4,100,100,0,0.001,835.52734375,853.35546875,17.828125,revision_memory_grids_20260916/airbnb_12c/mem_airbnb_12c.json,1b5ee15dd34fd7d7c9886c9b77c4be236704fa56a9f60b7a25de63218bc3a390
airbnb_12c,Airbnb 231K,16,100,100,0,0.001,835.85546875,864.68359375,28.828125,revision_memory_grids_20260916/airbnb_12c/mem_airbnb_12c.json,1b5ee15dd34fd7d7c9886c9b77c4be236704fa56a9f60b7a25de63218bc3a390
