family,arm,value
PACS,-rawcost,-0.0840336134453781
PACS,-rawcost,0.0
PACS,-rawcost,-1.0
PACS,-rawcost,-0.4464285714285714
PACS,-rawcost,-1.0
PACS,-rawcost,-0.52
PACS,-rawcost,0.0
PACS,-rawcost,-0.084931506849315
PACS,-rawcost,-0.875
PACS,-rawcost,0.32352941176470584
PACS,-rawcost,-0.0098176718092566
PACS,-rawcost,-0.7021276595744681
PACS,-rawcost,-0.3472222222222222
PACS,-rawcost,-0.7659574468085106
PACS,-rawcost,-0.062330623306233
PACS,-rawcost,-0.21327014218009482
PACS,-rawcost,0.0
PACS,-rawcost,-0.7246376811594203
PACS,-rawcost,-0.0037509377344336
PACS,-rawcost,-0.9607843137254902
PACS,-rawcost,-0.8076923076923077
PACS,-rawcost,0.037500000000000006
PACS,-rawcost,-0.8
PACS,-rawcost,-0.10364464692482919
PACS,-rawcost,-0.0304026294165981
PACS,-rawcost,-0.2195121951219512
PACS,-rawcost,-0.7887323943661972
PACS,-rawcost,-0.0256410256410256
PACS,-rawcost,-0.0004755111745126
PACS,-rawcost,-1.0
PACS,-rawcost,0.08854166666666671
PACS,-rawcost,-1.0
PACS,-rawcost,-0.9090909090909092
PACS,-rawcost,-0.0259938837920489
PACS,-rawcost,-0.054140127388535
PACS,-rawcost,-1.0
PACS,-rawcost,-0.2169197396963123
PACS,-rawcost,-0.0099952403617325
PACS,-rawcost,-0.5818181818181818
PACS,-rawcost,-0.625
PACS,-rawcost,-0.0987654320987654
PACS,-rawcost,-0.058252427184466
PACS,-rawcost,-0.453125
PACS,-rawcost,-0.4545454545454546
PACS,-rawcost,-0.1917808219178082
PACS,-rawcost,-0.0604770017035775
PACS,-rawcost,-0.6802721088435374
PACS,-rawcost,-0.2976190476190476
PACS,-rawcost,-0.0364050056882822
PACS,-rawcost,-0.31404958677685957
PACS,-rawcost,-0.17525773195876293
PACS,-rawcost,-1.0
PACS,-rawcost,-0.48666666666666675
PACS,-rawcost,0.0
PACS,-rawcost,0.0
PACS,-rawcost,-0.6212121212121212
PACS,-rawcost,0.006896551724138
PACS,-rawcost,-0.2695652173913043
PACS,-rawcost,-0.0313725490196078
PACS,-rawcost,-0.0751173708920187
PACS,-rawcost,-0.625
PACS,-rawcost,-0.0003318951211417
PACS,-rawcost,-0.1781818181818182
PACS,-rawcost,-0.8
PACS,-rawcost,-0.9047619047619048
PACS,-rawcost,-0.13461538461538472
PACS,-rawcost,-0.76
PACS,-rawcost,-0.0744680851063829
PACS,-rawcost,-0.4405286343612334
PACS,-rawcost,-0.0440917107583774
PACS,-rawcost,-0.6458333333333334
PACS,-rawcost,-0.9538461538461539
PACS,-rawcost,-0.0387596899224806
PACS,-rawcost,-0.0486381322957199
PACS,-rawcost,-0.19512195121951215
PACS,-rawcost,-0.5526315789473685
PACS,-rawcost,-0.2439024390243902
PACS,-rawcost,-0.0222457627118644
PACS,-rawcost,-0.029296875
PACS,-rawcost,-0.7291666666666667
PACS,-rawcost,-0.1973333333333333
PACS,-rawcost,-0.2222222222222222
PACS,-rawcost,-0.0223602484472049
PACS,-rawcost,-0.7553191489361704
PACS,-rawcost,-0.0112781954887218
PACS,-rawcost,-0.0774647887323943
PACS,-rawcost,-0.1886363636363636
PACS,-rawcost,-0.079734219269103
PACS,-rawcost,-0.2190812720848056
PACS,-rawcost,-0.7452830188679247
PACS,-rawcost,-0.1041666666666666
PACS,-rawcost,-0.0733333333333333
PACS,-rawcost,-0.0820265379975874
PACS,-rawcost,-0.0199081163859111
PACS,-rawcost,-0.4805825242718446
PACS,-rawcost,-0.9411764705882353
PACS,-rawcost,0.006814310051107303
PACS,-rawcost,-0.9387755102040817
PACS,-rawcost,-0.4782608695652174
PACS,-rawcost,0.0
PTS,-bound,0.0
PTS,-bound,0.0
PTS,-bound,0.0
PTS,-bound,0.0
PTS,-bound,0.0
PTS,-bound,-0.09999999999999998
PTS,-bound,0.0
PTS,-bound,0.0
PTS,-bound,0.0
PTS,-bound,0.0
PTS,-bound,0.0
PTS,-bound,0.0
PTS,-bound,0.0
PTS,-bound,0.0
PTS,-bound,0.0
PTS,-bound,0.0
PTS,-bound,-0.022004889975550085
PTS,-bound,0.0
PTS,-bound,0.0
PTS,-bound,0.0
PTS,-bound,0.0
PTS,-bound,0.0
PTS,-bound,0.0
PTS,-bound,0.0
PTS,-bound,0.0
PTS,-bound,0.0
PTS,-bound,0.0
PTS,-bound,0.0
PTS,-bound,0.0
PTS,-bound,0.0
PTS,-bound,0.0
PTS,-bound,0.0
PTS,-bound,0.0
PTS,-bound,0.0
PTS,-bound,0.0
PTS,-bound,0.0
PTS,-bound,0.0
PTS,-bound,0.0
PTS,-bound,0.0
PTS,-bound,-0.01041666666666663
PTS,-bound,0.0
PTS,-bound,0.0
PTS,-bound,0.0
PTS,-bound,0.0
PTS,-bound,0.0
PTS,-bound,0.0
PTS,-bound,0.0
PTS,-bound,0.0
PTS,-bound,0.0
PTS,-bound,0.0
PTS,-bound,0.0
PTS,-bound,0.0
PTS,-bound,0.0
PTS,-bound,0.0
PTS,-bound,0.0
PTS,-bound,0.0
PTS,-bound,0.0
PTS,-bound,0.0
PTS,-bound,0.0
PTS,-bound,0.0
PTS,-bound,0.0
PTS,-bound,0.0
PTS,-bound,0.0
PTS,-bound,0.0
PTS,-bound,0.0
PTS,-bound,0.0
PTS,-bound,0.0
PTS,-bound,0.0
PTS,-bound,0.0
PTS,-bound,0.0
PTS,-bound,0.0
PTS,-bound,0.0
PTS,-bound,0.0
PTS,-bound,0.0
PTS,-bound,0.0
PTS,-bound,0.0
PTS,-bound,0.0
PTS,-bound,0.0
PTS,-bound,0.0
PTS,-bound,0.0
PTS,-bound,0.0
PTS,-bound,0.0
PTS,-bound,0.0
PTS,-bound,0.0
PTS,-bound,0.0
PTS,-bound,0.0
PTS,-bound,0.0
PTS,-bound,0.0
PTS,-bound,0.0
PTS,-bound,0.0
PTS,-bound,0.0
PTS,-bound,-0.16000000000000003
PTS,-bound,0.0
PTS,-bound,0.0
PTS,-bound,0.0
PTS,-bound,0.0
PTS,-bound,0.0
PTS,-bound,0.0
PTS,-bound,0.0
PTS,-bound,0.0
PTS,-prefixdom,0.0
PTS,-prefixdom,0.0
PTS,-prefixdom,0.0
PTS,-prefixdom,-0.0089285714285714
PTS,-prefixdom,0.0
PTS,-prefixdom,0.0
PTS,-prefixdom,0.0
PTS,-prefixdom,0.0
PTS,-prefixdom,0.0
PTS,-prefixdom,0.0
PTS,-prefixdom,0.0
PTS,-prefixdom,0.0
PTS,-prefixdom,-0.04861111111111109
PTS,-prefixdom,0.0
PTS,-prefixdom,0.0
PTS,-prefixdom,-0.016587677725118502
PTS,-prefixdom,-0.08312958435207819
PTS,-prefixdom,-0.2826086956521739
PTS,-prefixdom,0.0
PTS,-prefixdom,0.0
PTS,-prefixdom,0.0
PTS,-prefixdom,0.0
PTS,-prefixdom,0.0
PTS,-prefixdom,-0.0068337129840546
PTS,-prefixdom,0.0
PTS,-prefixdom,0.0
PTS,-prefixdom,-0.15492957746478875
PTS,-prefixdom,0.0
PTS,-prefixdom,0.0
PTS,-prefixdom,0.0
PTS,-prefixdom,0.0
PTS,-prefixdom,0.0
PTS,-prefixdom,-0.6363636363636364
PTS,-prefixdom,-0.015290519877675901
PTS,-prefixdom,0.0
PTS,-prefixdom,0.0
PTS,-prefixdom,0.0
PTS,-prefixdom,0.0
PTS,-prefixdom,-0.24848484848484853
PTS,-prefixdom,-0.36458333333333337
PTS,-prefixdom,-0.004938271604938302
PTS,-prefixdom,-0.0097087378640776
PTS,-prefixdom,0.0
PTS,-prefixdom,0.0
PTS,-prefixdom,-0.1415525114155251
PTS,-prefixdom,0.0
PTS,-prefixdom,-0.4693877551020408
PTS,-prefixdom,0.0
PTS,-prefixdom,0.0
PTS,-prefixdom,-0.30165289256198347
PTS,-prefixdom,-0.015463917525773196
PTS,-prefixdom,-0.03076923076923077
PTS,-prefixdom,-0.6466666666666667
PTS,-prefixdom,0.0
PTS,-prefixdom,-0.16296296296296298
PTS,-prefixdom,0.0
PTS,-prefixdom,-0.0758620689655172
PTS,-prefixdom,-0.0347826086956521
PTS,-prefixdom,0.0
PTS,-prefixdom,0.0
PTS,-prefixdom,-0.23125
PTS,-prefixdom,0.0
PTS,-prefixdom,0.0
PTS,-prefixdom,0.0
PTS,-prefixdom,-0.6309523809523809
PTS,-prefixdom,0.0
PTS,-prefixdom,0.0
PTS,-prefixdom,-0.0011820330969267
PTS,-prefixdom,-0.08370044052863439
PTS,-prefixdom,0.0
PTS,-prefixdom,-0.45138888888888884
PTS,-prefixdom,-0.27692307692307694
PTS,-prefixdom,-0.21705426356589153
PTS,-prefixdom,-0.0272373540856031
PTS,-prefixdom,0.0
PTS,-prefixdom,-0.5263157894736842
PTS,-prefixdom,-0.2170731707317073
PTS,-prefixdom,0.0
PTS,-prefixdom,-0.025390625
PTS,-prefixdom,0.0
PTS,-prefixdom,0.0
PTS,-prefixdom,0.0
PTS,-prefixdom,0.0
PTS,-prefixdom,-0.02127659574468077
PTS,-prefixdom,0.0
PTS,-prefixdom,0.0
PTS,-prefixdom,0.0
PTS,-prefixdom,0.0
PTS,-prefixdom,0.0
PTS,-prefixdom,-0.6132075471698114
PTS,-prefixdom,0.0
PTS,-prefixdom,-0.28666666666666674
PTS,-prefixdom,0.0
PTS,-prefixdom,0.0
PTS,-prefixdom,-0.0048543689320388
PTS,-prefixdom,-0.1029411764705882
PTS,-prefixdom,-0.0255536626916524
PTS,-prefixdom,-0.5102040816326531
PTS,-prefixdom,-0.3913043478260869
PTS,-prefixdom,0.0
PTS,-bound-prefixdom,0.0
PTS,-bound-prefixdom,0.0
PTS,-bound-prefixdom,0.0
PTS,-bound-prefixdom,-0.0089285714285714
PTS,-bound-prefixdom,0.0
PTS,-bound-prefixdom,-0.6
PTS,-bound-prefixdom,0.0
PTS,-bound-prefixdom,0.0
PTS,-bound-prefixdom,0.0
PTS,-bound-prefixdom,0.0
PTS,-bound-prefixdom,0.0
PTS,-bound-prefixdom,0.0
PTS,-bound-prefixdom,-0.04861111111111109
PTS,-bound-prefixdom,0.0
PTS,-bound-prefixdom,0.0
PTS,-bound-prefixdom,-0.016587677725118502
PTS,-bound-prefixdom,-0.08312958435207819
PTS,-bound-prefixdom,-0.2826086956521739
PTS,-bound-prefixdom,0.0
PTS,-bound-prefixdom,0.0
PTS,-bound-prefixdom,0.0
PTS,-bound-prefixdom,0.0
PTS,-bound-prefixdom,0.0
PTS,-bound-prefixdom,-0.0068337129840546
PTS,-bound-prefixdom,0.0
PTS,-bound-prefixdom,0.0
PTS,-bound-prefixdom,-0.23943661971830987
PTS,-bound-prefixdom,0.0
PTS,-bound-prefixdom,0.0
PTS,-bound-prefixdom,0.0
PTS,-bound-prefixdom,-0.0729166666666667
PTS,-bound-prefixdom,0.0
PTS,-bound-prefixdom,-0.6363636363636364
PTS,-bound-prefixdom,-0.015290519877675901
PTS,-bound-prefixdom,0.0
PTS,-bound-prefixdom,0.0
PTS,-bound-prefixdom,0.0
PTS,-bound-prefixdom,0.0
PTS,-bound-prefixdom,-0.2545454545454545
PTS,-bound-prefixdom,-0.40625
PTS,-bound-prefixdom,-0.004938271604938302
PTS,-bound-prefixdom,-0.0097087378640776
PTS,-bound-prefixdom,-0.015625
PTS,-bound-prefixdom,0.0
PTS,-bound-prefixdom,-0.1415525114155251
PTS,-bound-prefixdom,0.0
PTS,-bound-prefixdom,-0.5578231292517007
PTS,-bound-prefixdom,0.0
PTS,-bound-prefixdom,0.0
PTS,-bound-prefixdom,-0.30165289256198347
PTS,-bound-prefixdom,-0.04123711340206179
PTS,-bound-prefixdom,-0.27692307692307694
PTS,-bound-prefixdom,-0.6466666666666667
PTS,-bound-prefixdom,0.0
PTS,-bound-prefixdom,-0.16296296296296298
PTS,-bound-prefixdom,0.0
PTS,-bound-prefixdom,-0.0758620689655172
PTS,-bound-prefixdom,-0.0347826086956521
PTS,-bound-prefixdom,-0.007843137254901999
PTS,-bound-prefixdom,0.0
PTS,-bound-prefixdom,-0.23125
PTS,-bound-prefixdom,0.0
PTS,-bound-prefixdom,0.0
PTS,-bound-prefixdom,0.0
PTS,-bound-prefixdom,-0.6547619047619048
PTS,-bound-prefixdom,0.0
PTS,-bound-prefixdom,0.0
PTS,-bound-prefixdom,-0.0011820330969267
PTS,-bound-prefixdom,-0.08810572687224669
PTS,-bound-prefixdom,0.0
PTS,-bound-prefixdom,-0.45138888888888884
PTS,-bound-prefixdom,-0.27692307692307694
PTS,-bound-prefixdom,-0.22480620155038764
PTS,-bound-prefixdom,-0.0272373540856031
PTS,-bound-prefixdom,0.0
PTS,-bound-prefixdom,-0.5263157894736842
PTS,-bound-prefixdom,-0.2170731707317073
PTS,-bound-prefixdom,0.0
PTS,-bound-prefixdom,-0.025390625
PTS,-bound-prefixdom,0.0
PTS,-bound-prefixdom,0.0
PTS,-bound-prefixdom,0.0
PTS,-bound-prefixdom,0.0
PTS,-bound-prefixdom,-0.04255319148936165
PTS,-bound-prefixdom,0.0
PTS,-bound-prefixdom,0.0
PTS,-bound-prefixdom,0.0
PTS,-bound-prefixdom,0.0
PTS,-bound-prefixdom,0.0
PTS,-bound-prefixdom,-0.6132075471698114
PTS,-bound-prefixdom,0.0
PTS,-bound-prefixdom,-0.36
PTS,-bound-prefixdom,0.0
PTS,-bound-prefixdom,0.0
PTS,-bound-prefixdom,-0.0048543689320388
PTS,-bound-prefixdom,-0.1029411764705882
PTS,-bound-prefixdom,-0.0255536626916524
PTS,-bound-prefixdom,-0.5714285714285715
PTS,-bound-prefixdom,-0.3913043478260869
PTS,-bound-prefixdom,0.0
