sweep,param,method,n_requested,n_feasible,n_metric,n_returned,n_timed,n_complete,n_timeout,n_exhausted,source_file,n_missing_embedding,n_empty_requirement,n_budget_infeasible,n_reference_complete,n_reference_timeout,n_reference_failure,n_reference_memory_limit,recall_median,recall_q25,recall_q75,recall_p90,recall_mean,hv_ratio_median,hv_ratio_q25,hv_ratio_q75,hv_ratio_p90,hv_ratio_mean,ref_size_median,ref_size_q25,ref_size_q75,ref_size_p90,ref_size_mean,size_median,size_q25,size_q75,size_p90,size_mean,method_wall_s_median,method_wall_s_q25,method_wall_s_q75,method_wall_s_p90,method_wall_s_mean,total_s_median,total_s_q25,total_s_q75,total_s_p90,total_s_mean,evals_median,evals_q25,evals_q75,evals_p90,evals_mean,iterations_median,iterations_q25,iterations_q75,iterations_p90,iterations_mean,n_after_median,n_after_q25,n_after_q75,n_after_p90,n_after_mean
alpha,0.1,PACS,100,82,82,71,82,82,0,28,<paper>/revision_campaign_20260914/sensitivity/airbnb/sensitivity.csv,0,0,18,82,0,0,0,0.461617709213863,0.09286763505794024,1.0,1.0,0.5346844630162798,0.9502063357801482,0.7018488584312722,1.0,1.0,0.7603109207610839,54.5,13.0,168.0,249.4000000000002,113.20731707317073,19.5,5.0,36.5,61.0,24.79268292682927,0.00876543694175775,0.00138161517679685,0.0130089059239253,0.021818488510325484,0.009241825219516298,0.011765707749873351,0.0035330150276422,0.01779120822902765,0.027365060569718422,0.014967711023395697,3925.0,1196.0,6330.5,10311.600000000008,4346.756097560976,,,,,,83.5,56.25,120.5,147.0,90.7439024390244
alpha,0.25,PACS,100,100,100,90,100,100,0,32,<paper>/revision_campaign_20260914/sensitivity/airbnb/sensitivity.csv,0,0,0,100,0,0,0,0.44929757343550447,0.07308643497681046,1.0,1.0,0.5105358039812047,0.9279133242382849,0.7094355404572842,1.0,1.0,0.7636853039691386,109.5,27.75,309.75,508.90000000000043,227.85,35.5,9.0,78.5,100.0,45.1,0.0102737974375486,0.0021454882808029,0.017512713791802477,0.027377544390037676,0.01370783939957614,0.013557727914303451,0.004390518064610575,0.02195017726626245,0.034899088228121405,0.02013247586321081,4675.0,1506.25,7408.75,10359.6,5003.3,,,,,,90.0,60.75,121.25,149.20000000000002,93.14
alpha,0.5,PACS,100,100,100,99,100,100,0,24,<paper>/revision_campaign_20260914/sensitivity/airbnb/sensitivity.csv,0,0,0,100,0,0,0,0.22959452343338596,0.06186721790556912,0.9318181818181819,1.0,0.42500581077252697,0.8337182727816521,0.635295657592968,0.9993622609127384,1.0,0.7790226763449556,248.5,80.25,570.0,1138.0000000000005,454.64,75.0,40.75,100.0,100.0,67.71,0.01658992795273655,0.003814335679635325,0.024800739483907777,0.03546094857156277,0.01914871769025917,0.0201436339411884,0.006094184238463625,0.029622832778841222,0.043881242442876056,0.022856723093427667,5368.5,2286.5,8615.75,11257.800000000001,5714.97,,,,,,92.0,63.75,126.5,155.50000000000006,97.04
alpha,0.75,PACS,100,100,100,100,100,100,0,14,<paper>/revision_campaign_20260914/sensitivity/airbnb/sensitivity.csv,0,0,0,100,0,0,0,0.16051343693655015,0.05267294114688442,0.7240346459096458,1.0,0.35671626717084803,0.762925694556922,0.6204952204539599,0.9608270202758716,1.0,0.7651713079689401,401.5,117.75,956.0,1453.0000000000018,664.93,91.0,65.75,100.0,100.0,78.38,0.01830761251039795,0.0056423741625620995,0.0297296420903876,0.04078199556097386,0.024241068526171104,0.02251407643780105,0.008478153380565324,0.03579389199148862,0.04706543367356062,0.02806857457850124,5929.5,2752.25,8848.0,11687.000000000002,6007.12,,,,,,95.0,67.5,130.25,158.00000000000009,99.47
alpha,1.0,PACS,100,100,100,100,100,100,0,10,<paper>/revision_campaign_20260914/sensitivity/airbnb/sensitivity.csv,0,0,0,100,0,0,0,0.12076383192051765,0.042100112547174176,0.5706740442655935,1.0,0.30149037293907427,0.724721122636814,0.6003883641160916,0.924715850044028,1.0,0.7387401391020292,576.5,169.0,1171.75,1918.100000000001,855.28,97.0,73.75,100.0,100.0,81.58,0.02174465707503255,0.0074071759590879,0.033422125503420747,0.04635649546980857,0.027133794203400566,0.024987046374008,0.010855804546736174,0.03886824089568105,0.05624332311563193,0.03434122778475281,6114.0,3049.25,9008.5,11878.900000000001,6185.45,,,,,,96.0,69.0,131.5,160.9000000000001,101.14
alpha,0.1,PTS,100,82,82,82,82,43,0,43,<paper>/revision_campaign_20260914/sensitivity/airbnb_dfs/sensitivity.csv,0,0,18,82,0,0,0,1.0,0.04799783549783547,1.0,1.0,0.6062805347179547,1.0,0.7487026047106995,1.0,1.0,0.8550735777152308,54.5,13.0,168.0,249.4000000000002,113.20731707317073,32.0,13.0,67.5,90.80000000000001,43.5609756097561,0.009669368620961901,0.001771145849488625,0.01224490464664995,0.015142143331468053,0.008033065153740117,0.012018153909593751,0.0039197041187434755,0.016568669700063703,0.021642492851242357,0.013616510036560408,5898.5,1037.75,12164.5,18338.000000000004,7584.219512195122,384.5,52.5,500.0,500.0,290.0365853658537,83.5,56.25,120.5,147.0,90.7439024390244
alpha,0.25,PTS,100,100,100,100,100,48,0,48,<paper>/revision_campaign_20260914/sensitivity/airbnb_dfs/sensitivity.csv,0,0,0,100,0,0,0,0.9667986952469712,0.0104477877365201,1.0,1.0,0.5708048111201866,0.9979046917542311,0.6457991279463907,1.0,1.0,0.7959112177415654,109.5,27.75,309.75,508.90000000000043,227.85,63.5,27.75,99.25,116.20000000000002,66.62,0.010153179988265,0.002967722946777925,0.013210586155764724,0.018591988226398803,0.009633262902498193,0.0134256891906261,0.00534926424734285,0.017525021918117924,0.02425192734226579,0.013079307284206105,5819.5,1472.5,11588.75,14836.900000000005,7142.26,500.0,99.25,500.0,500.0,323.9,90.0,60.75,121.25,149.20000000000002,93.14
alpha,0.5,PTS,100,100,100,100,100,30,0,30,<paper>/revision_campaign_20260914/sensitivity/airbnb_dfs/sensitivity.csv,0,0,0,100,0,0,0,0.0926185344827586,0.0,1.0,1.0,0.3919824417672734,0.6889946406104601,0.33741865944380356,1.0,1.0,0.6426174543826975,248.5,80.25,570.0,1138.0000000000005,454.64,86.5,64.75,107.25,143.20000000000002,88.24,0.01142267696559425,0.00712064246181395,0.013575896853580975,0.018773702019825533,0.01120694713201369,0.01450127060525115,0.00915017665829505,0.0178870287491008,0.026074740150943316,0.014893224206753028,7162.5,3077.25,10294.0,14547.000000000007,7630.26,500.0,360.25,500.0,500.0,407.3,92.0,63.75,126.5,155.50000000000006,97.04
alpha,0.75,PTS,100,100,100,100,100,25,0,25,<paper>/revision_campaign_20260914/sensitivity/airbnb_dfs/sensitivity.csv,0,0,0,100,0,0,0,0.03133139519587465,0.0,0.9230769230769231,1.0,0.3119209849399284,0.5301689947597347,0.2952053897350824,0.9968801135619555,1.0,0.5844733381935783,401.5,117.75,956.0,1453.0000000000018,664.93,109.0,75.5,133.75,168.10000000000002,109.17,0.0122498390264809,0.0097513060318306,0.0143806133419275,0.019007216719910486,0.012432604199275324,0.0153000790160149,0.012321150046773175,0.01836538978386665,0.026881431834772204,0.018854946028441143,6034.5,3117.0,9187.5,12331.9,6491.26,500.0,492.5,500.0,500.0,432.63,95.0,67.5,130.25,158.00000000000009,99.47
alpha,1.0,PTS,100,100,100,100,100,20,0,20,<paper>/revision_campaign_20260914/sensitivity/airbnb_dfs/sensitivity.csv,0,0,0,100,0,0,0,0.012119560142244499,0.0,0.5133317786069652,1.0,0.27962504638718716,0.5381087470933117,0.2974793207704465,0.9456388038341055,1.0,0.5789186602912865,576.5,169.0,1171.75,1918.100000000001,855.28,123.0,86.75,154.0,174.80000000000007,122.63,0.0127969630993902,0.0106071782065555,0.015741197043098475,0.019743758486583756,0.013451011432334735,0.015919006662443252,0.01306170807220035,0.01918807451147585,0.027757222717627848,0.017333406172692724,4980.0,3072.25,7730.5,9878.300000000003,5586.72,500.0,500.0,500.0,500.0,450.19,96.0,69.0,131.5,160.9000000000001,101.14
